hora_brasilia,uf,secoes_novas_na_hora,lula,bolsonaro,outros,branco,nulo,comparecimento,secoes,pct_secoes,validos,lula_pct_validos,bolsonaro_pct_validos,dif_lula_menos_bolsonaro_pp,total_secoes
2022-10-02 17:00:00,AC,125,7352,15642,2308,279,594,26175,125,5.89,25302,29.06,61.82,-32.76,2124
2022-10-02 18:00:00,AC,1093,76369,154895,22003,2847,5956,262070,1218,57.34,253267,30.15,61.16,-31.01,2124
2022-10-02 19:00:00,AC,730,117464,253884,33556,4383,9418,418705,1948,91.71,404904,29.01,62.7,-33.69,2124
2022-10-02 20:00:00,AC,141,126962,271420,35771,4608,10137,448898,2089,98.35,434153,29.24,62.52,-33.28,2124
2022-10-02 21:00:00,AC,34,128844,275550,36289,4661,10317,455661,2123,99.95,440683,29.24,62.53,-33.29,2124
2022-10-02 22:00:00,AC,0,128844,275550,36289,4661,10317,455661,2123,99.95,440683,29.24,62.53,-33.29,2124
2022-10-02 23:00:00,AC,1,129022,275582,36313,4664,10322,455903,2124,100.0,440917,29.26,62.5,-33.24,2124
2022-10-03 00:00:00,AC,0,129022,275582,36313,4664,10322,455903,2124,100.0,440917,29.26,62.5,-33.24,2124
2022-10-03 01:00:00,AC,0,129022,275582,36313,4664,10322,455903,2124,100.0,440917,29.26,62.5,-33.24,2124
2022-10-03 02:00:00,AC,0,129022,275582,36313,4664,10322,455903,2124,100.0,440917,29.26,62.5,-33.24,2124
2022-10-03 03:00:00,AC,0,129022,275582,36313,4664,10322,455903,2124,100.0,440917,29.26,62.5,-33.24,2124
2022-10-03 04:00:00,AC,0,129022,275582,36313,4664,10322,455903,2124,100.0,440917,29.26,62.5,-33.24,2124
2022-10-03 05:00:00,AC,0,129022,275582,36313,4664,10322,455903,2124,100.0,440917,29.26,62.5,-33.24,2124
2022-10-03 06:00:00,AC,0,129022,275582,36313,4664,10322,455903,2124,100.0,440917,29.26,62.5,-33.24,2124
2022-10-03 07:00:00,AC,0,129022,275582,36313,4664,10322,455903,2124,100.0,440917,29.26,62.5,-33.24,2124
2022-10-03 08:00:00,AC,0,129022,275582,36313,4664,10322,455903,2124,100.0,440917,29.26,62.5,-33.24,2124
2022-10-03 09:00:00,AC,0,129022,275582,36313,4664,10322,455903,2124,100.0,440917,29.26,62.5,-33.24,2124
2022-10-03 10:00:00,AC,0,129022,275582,36313,4664,10322,455903,2124,100.0,440917,29.26,62.5,-33.24,2124
2022-10-03 11:00:00,AC,0,129022,275582,36313,4664,10322,455903,2124,100.0,440917,29.26,62.5,-33.24,2124
2022-10-03 12:00:00,AC,0,129022,275582,36313,4664,10322,455903,2124,100.0,440917,29.26,62.5,-33.24,2124
2022-10-03 13:00:00,AC,0,129022,275582,36313,4664,10322,455903,2124,100.0,440917,29.26,62.5,-33.24,2124
2022-10-03 14:00:00,AC,0,129022,275582,36313,4664,10322,455903,2124,100.0,440917,29.26,62.5,-33.24,2124
2022-10-03 15:00:00,AC,0,129022,275582,36313,4664,10322,455903,2124,100.0,440917,29.26,62.5,-33.24,2124
2022-10-03 16:00:00,AC,0,129022,275582,36313,4664,10322,455903,2124,100.0,440917,29.26,62.5,-33.24,2124
2022-10-03 17:00:00,AC,0,129022,275582,36313,4664,10322,455903,2124,100.0,440917,29.26,62.5,-33.24,2124
2022-10-03 18:00:00,AC,0,129022,275582,36313,4664,10322,455903,2124,100.0,440917,29.26,62.5,-33.24,2124
2022-10-03 19:00:00,AC,0,129022,275582,36313,4664,10322,455903,2124,100.0,440917,29.26,62.5,-33.24,2124
2022-10-02 17:00:00,AM,453,50085,59726,11151,1308,2282,124552,453,6.08,120962,41.41,49.38,-7.97,7453
2022-10-02 18:00:00,AM,2559,349190,411109,74431,9398,16204,860332,3012,40.41,834730,41.83,49.25,-7.42,7453
2022-10-02 19:00:00,AM,2645,707039,729296,130468,16776,30063,1613642,5657,75.9,1566803,45.13,46.55,-1.42,7453
2022-10-02 20:00:00,AM,1442,951681,852432,152345,19100,36018,2011576,7099,95.25,1956458,48.64,43.57,5.07,7453
2022-10-02 21:00:00,AM,224,991352,872995,155363,19434,36978,2076122,7323,98.26,2019710,49.08,43.22,5.86,7453
2022-10-02 22:00:00,AM,70,1005667,876933,156219,19519,37261,2095599,7393,99.19,2038819,49.33,43.01,6.32,7453
2022-10-02 23:00:00,AM,23,1011451,878121,156443,19539,37371,2102925,7416,99.5,2046015,49.44,42.92,6.52,7453
2022-10-03 00:00:00,AM,27,1017648,879796,156717,19556,37476,2111193,7443,99.87,2054161,49.54,42.83,6.71,7453
2022-10-03 01:00:00,AM,2,1018062,879870,156726,19564,37481,2111703,7445,99.89,2054658,49.55,42.82,6.73,7453
2022-10-03 02:00:00,AM,1,1018432,879893,156733,19564,37487,2112109,7446,99.91,2055058,49.56,42.82,6.74,7453
2022-10-03 03:00:00,AM,1,1018793,879902,156753,19565,37510,2112523,7447,99.92,2055448,49.57,42.81,6.76,7453
2022-10-03 04:00:00,AM,0,1018793,879902,156753,19565,37510,2112523,7447,99.92,2055448,49.57,42.81,6.76,7453
2022-10-03 05:00:00,AM,1,1018943,879916,156754,19565,37512,2112690,7448,99.93,2055613,49.57,42.81,6.76,7453
2022-10-03 06:00:00,AM,0,1018943,879916,156754,19565,37512,2112690,7448,99.93,2055613,49.57,42.81,6.76,7453
2022-10-03 07:00:00,AM,0,1018943,879916,156754,19565,37512,2112690,7448,99.93,2055613,49.57,42.81,6.76,7453
2022-10-03 08:00:00,AM,0,1018943,879916,156754,19565,37512,2112690,7448,99.93,2055613,49.57,42.81,6.76,7453
2022-10-03 09:00:00,AM,1,1019121,879949,156766,19567,37519,2112922,7449,99.95,2055836,49.57,42.8,6.77,7453
2022-10-03 10:00:00,AM,3,1019585,880087,156787,19568,37524,2113551,7452,99.99,2056459,49.58,42.8,6.78,7453
2022-10-03 11:00:00,AM,0,1019585,880087,156787,19568,37524,2113551,7452,99.99,2056459,49.58,42.8,6.78,7453
2022-10-03 12:00:00,AM,0,1019585,880087,156787,19568,37524,2113551,7452,99.99,2056459,49.58,42.8,6.78,7453
2022-10-03 13:00:00,AM,0,1019585,880087,156787,19568,37524,2113551,7452,99.99,2056459,49.58,42.8,6.78,7453
2022-10-03 14:00:00,AM,0,1019585,880087,156787,19568,37524,2113551,7452,99.99,2056459,49.58,42.8,6.78,7453
2022-10-03 15:00:00,AM,0,1019585,880087,156787,19568,37524,2113551,7452,99.99,2056459,49.58,42.8,6.78,7453
2022-10-03 16:00:00,AM,0,1019585,880087,156787,19568,37524,2113551,7452,99.99,2056459,49.58,42.8,6.78,7453
2022-10-03 17:00:00,AM,0,1019585,880087,156787,19568,37524,2113551,7452,99.99,2056459,49.58,42.8,6.78,7453
2022-10-03 18:00:00,AM,0,1019585,880087,156787,19568,37524,2113551,7452,99.99,2056459,49.58,42.8,6.78,7453
2022-10-03 19:00:00,AM,1,1019684,880198,156794,19570,37525,2113771,7453,100.0,2056676,49.58,42.8,6.78,7453
2022-10-02 17:00:00,AP,97,9439,8754,2595,156,382,21326,97,5.57,20788,45.41,42.11,3.3,1740
2022-10-02 18:00:00,AP,488,61389,54078,14114,940,2174,132695,585,33.62,129581,47.38,41.73,5.65,1740
2022-10-02 19:00:00,AP,816,151618,146954,37349,2662,5777,344360,1401,80.52,335921,45.14,43.75,1.39,1740
2022-10-02 20:00:00,AP,322,194363,186106,46793,3268,7317,437847,1723,99.02,427262,45.49,43.56,1.93,1740
2022-10-02 21:00:00,AP,13,196240,187472,47084,3289,7377,441462,1736,99.77,430796,45.55,43.52,2.03,1740
2022-10-02 22:00:00,AP,2,196987,187481,47107,3289,7383,442247,1738,99.89,431575,45.64,43.44,2.2,1740
2022-10-02 23:00:00,AP,2,197382,187621,47158,3289,7392,442842,1740,100.0,432161,45.67,43.41,2.26,1740
2022-10-03 00:00:00,AP,0,197382,187621,47158,3289,7392,442842,1740,100.0,432161,45.67,43.41,2.26,1740
2022-10-03 01:00:00,AP,0,197382,187621,47158,3289,7392,442842,1740,100.0,432161,45.67,43.41,2.26,1740
2022-10-03 02:00:00,AP,0,197382,187621,47158,3289,7392,442842,1740,100.0,432161,45.67,43.41,2.26,1740
2022-10-03 03:00:00,AP,0,197382,187621,47158,3289,7392,442842,1740,100.0,432161,45.67,43.41,2.26,1740
2022-10-03 04:00:00,AP,0,197382,187621,47158,3289,7392,442842,1740,100.0,432161,45.67,43.41,2.26,1740
2022-10-03 05:00:00,AP,0,197382,187621,47158,3289,7392,442842,1740,100.0,432161,45.67,43.41,2.26,1740
2022-10-03 06:00:00,AP,0,197382,187621,47158,3289,7392,442842,1740,100.0,432161,45.67,43.41,2.26,1740
2022-10-03 07:00:00,AP,0,197382,187621,47158,3289,7392,442842,1740,100.0,432161,45.67,43.41,2.26,1740
2022-10-03 08:00:00,AP,0,197382,187621,47158,3289,7392,442842,1740,100.0,432161,45.67,43.41,2.26,1740
2022-10-03 09:00:00,AP,0,197382,187621,47158,3289,7392,442842,1740,100.0,432161,45.67,43.41,2.26,1740
2022-10-03 10:00:00,AP,0,197382,187621,47158,3289,7392,442842,1740,100.0,432161,45.67,43.41,2.26,1740
2022-10-03 11:00:00,AP,0,197382,187621,47158,3289,7392,442842,1740,100.0,432161,45.67,43.41,2.26,1740
2022-10-03 12:00:00,AP,0,197382,187621,47158,3289,7392,442842,1740,100.0,432161,45.67,43.41,2.26,1740
2022-10-03 13:00:00,AP,0,197382,187621,47158,3289,7392,442842,1740,100.0,432161,45.67,43.41,2.26,1740
2022-10-03 14:00:00,AP,0,197382,187621,47158,3289,7392,442842,1740,100.0,432161,45.67,43.41,2.26,1740
2022-10-03 15:00:00,AP,0,197382,187621,47158,3289,7392,442842,1740,100.0,432161,45.67,43.41,2.26,1740
2022-10-03 16:00:00,AP,0,197382,187621,47158,3289,7392,442842,1740,100.0,432161,45.67,43.41,2.26,1740
2022-10-03 17:00:00,AP,0,197382,187621,47158,3289,7392,442842,1740,100.0,432161,45.67,43.41,2.26,1740
2022-10-03 18:00:00,AP,0,197382,187621,47158,3289,7392,442842,1740,100.0,432161,45.67,43.41,2.26,1740
2022-10-03 19:00:00,AP,0,197382,187621,47158,3289,7392,442842,1740,100.0,432161,45.67,43.41,2.26,1740
2022-10-02 17:00:00,PA,1367,159245,143232,33593,3514,5841,345425,1367,7.5,336070,47.38,42.62,4.76,18235
2022-10-02 18:00:00,PA,4177,664007,583672,118991,13583,21484,1401737,5544,30.4,1366670,48.59,42.71,5.88,18235
2022-10-02 19:00:00,PA,6987,1596117,1328607,255763,29938,48120,3258545,12531,68.72,3180487,50.18,41.77,8.41,18235
2022-10-02 20:00:00,PA,4613,2256617,1799610,334878,39343,65078,4495526,17144,94.02,4391105,51.39,40.98,10.41,18235
2022-10-02 21:00:00,PA,781,2385955,1864453,347341,40600,67607,4705956,17925,98.3,4597749,51.89,40.55,11.34,18235
2022-10-02 22:00:00,PA,233,2429403,1879124,350689,40814,68252,4768282,18158,99.58,4659216,52.14,40.33,11.81,18235
2022-10-02 23:00:00,PA,60,2439911,1883913,351355,40881,68428,4784488,18218,99.91,4675179,52.19,40.3,11.89,18235
2022-10-03 00:00:00,PA,11,2442414,1884401,351447,40893,68449,4787604,18229,99.97,4678262,52.21,40.28,11.93,18235
2022-10-03 01:00:00,PA,1,2442719,1884410,351449,40893,68449,4787920,18230,99.97,4678578,52.21,40.28,11.93,18235
2022-10-03 02:00:00,PA,5,2443730,1884673,351533,40902,68473,4789311,18235,100.0,4679936,52.22,40.27,11.95,18235
2022-10-03 03:00:00,PA,0,2443730,1884673,351533,40902,68473,4789311,18235,100.0,4679936,52.22,40.27,11.95,18235
2022-10-03 04:00:00,PA,0,2443730,1884673,351533,40902,68473,4789311,18235,100.0,4679936,52.22,40.27,11.95,18235
2022-10-03 05:00:00,PA,0,2443730,1884673,351533,40902,68473,4789311,18235,100.0,4679936,52.22,40.27,11.95,18235
2022-10-03 06:00:00,PA,0,2443730,1884673,351533,40902,68473,4789311,18235,100.0,4679936,52.22,40.27,11.95,18235
2022-10-03 07:00:00,PA,0,2443730,1884673,351533,40902,68473,4789311,18235,100.0,4679936,52.22,40.27,11.95,18235
2022-10-03 08:00:00,PA,0,2443730,1884673,351533,40902,68473,4789311,18235,100.0,4679936,52.22,40.27,11.95,18235
2022-10-03 09:00:00,PA,0,2443730,1884673,351533,40902,68473,4789311,18235,100.0,4679936,52.22,40.27,11.95,18235
2022-10-03 10:00:00,PA,0,2443730,1884673,351533,40902,68473,4789311,18235,100.0,4679936,52.22,40.27,11.95,18235
2022-10-03 11:00:00,PA,0,2443730,1884673,351533,40902,68473,4789311,18235,100.0,4679936,52.22,40.27,11.95,18235
2022-10-03 12:00:00,PA,0,2443730,1884673,351533,40902,68473,4789311,18235,100.0,4679936,52.22,40.27,11.95,18235
2022-10-03 13:00:00,PA,0,2443730,1884673,351533,40902,68473,4789311,18235,100.0,4679936,52.22,40.27,11.95,18235
2022-10-03 14:00:00,PA,0,2443730,1884673,351533,40902,68473,4789311,18235,100.0,4679936,52.22,40.27,11.95,18235
2022-10-03 15:00:00,PA,0,2443730,1884673,351533,40902,68473,4789311,18235,100.0,4679936,52.22,40.27,11.95,18235
2022-10-03 16:00:00,PA,0,2443730,1884673,351533,40902,68473,4789311,18235,100.0,4679936,52.22,40.27,11.95,18235
2022-10-03 17:00:00,PA,0,2443730,1884673,351533,40902,68473,4789311,18235,100.0,4679936,52.22,40.27,11.95,18235
2022-10-03 18:00:00,PA,0,2443730,1884673,351533,40902,68473,4789311,18235,100.0,4679936,52.22,40.27,11.95,18235
2022-10-03 19:00:00,PA,0,2443730,1884673,351533,40902,68473,4789311,18235,100.0,4679936,52.22,40.27,11.95,18235
2022-10-02 17:00:00,RO,625,48200,79282,13093,1550,2465,144590,625,14.89,140575,34.29,56.4,-22.11,4198
2022-10-02 18:00:00,RO,1293,129246,254716,32207,4521,7177,427867,1918,45.69,416169,31.06,61.2,-30.14,4198
2022-10-02 19:00:00,RO,1693,224410,490394,52660,8000,12229,787693,3611,86.02,767464,29.24,63.9,-34.66,4198
2022-10-02 20:00:00,RO,541,258860,573321,59716,9282,14125,915304,4152,98.9,891897,29.02,64.28,-35.26,4198
2022-10-02 21:00:00,RO,40,261228,580376,60114,9339,14220,925277,4192,99.86,901718,28.97,64.36,-35.39,4198
2022-10-02 22:00:00,RO,3,261411,580887,60149,9347,14231,926025,4195,99.93,902447,28.97,64.37,-35.4,4198
2022-10-02 23:00:00,RO,1,261500,581091,60158,9347,14232,926328,4196,99.95,902749,28.97,64.37,-35.4,4198
2022-10-03 00:00:00,RO,2,261749,581306,60180,9350,14242,926827,4198,100.0,903235,28.98,64.36,-35.38,4198
2022-10-03 01:00:00,RO,0,261749,581306,60180,9350,14242,926827,4198,100.0,903235,28.98,64.36,-35.38,4198
2022-10-03 02:00:00,RO,0,261749,581306,60180,9350,14242,926827,4198,100.0,903235,28.98,64.36,-35.38,4198
2022-10-03 03:00:00,RO,0,261749,581306,60180,9350,14242,926827,4198,100.0,903235,28.98,64.36,-35.38,4198
2022-10-03 04:00:00,RO,0,261749,581306,60180,9350,14242,926827,4198,100.0,903235,28.98,64.36,-35.38,4198
2022-10-03 05:00:00,RO,0,261749,581306,60180,9350,14242,926827,4198,100.0,903235,28.98,64.36,-35.38,4198
2022-10-03 06:00:00,RO,0,261749,581306,60180,9350,14242,926827,4198,100.0,903235,28.98,64.36,-35.38,4198
2022-10-03 07:00:00,RO,0,261749,581306,60180,9350,14242,926827,4198,100.0,903235,28.98,64.36,-35.38,4198
2022-10-03 08:00:00,RO,0,261749,581306,60180,9350,14242,926827,4198,100.0,903235,28.98,64.36,-35.38,4198
2022-10-03 09:00:00,RO,0,261749,581306,60180,9350,14242,926827,4198,100.0,903235,28.98,64.36,-35.38,4198
2022-10-03 10:00:00,RO,0,261749,581306,60180,9350,14242,926827,4198,100.0,903235,28.98,64.36,-35.38,4198
2022-10-03 11:00:00,RO,0,261749,581306,60180,9350,14242,926827,4198,100.0,903235,28.98,64.36,-35.38,4198
2022-10-03 12:00:00,RO,0,261749,581306,60180,9350,14242,926827,4198,100.0,903235,28.98,64.36,-35.38,4198
2022-10-03 13:00:00,RO,0,261749,581306,60180,9350,14242,926827,4198,100.0,903235,28.98,64.36,-35.38,4198
2022-10-03 14:00:00,RO,0,261749,581306,60180,9350,14242,926827,4198,100.0,903235,28.98,64.36,-35.38,4198
2022-10-03 15:00:00,RO,0,261749,581306,60180,9350,14242,926827,4198,100.0,903235,28.98,64.36,-35.38,4198
2022-10-03 16:00:00,RO,0,261749,581306,60180,9350,14242,926827,4198,100.0,903235,28.98,64.36,-35.38,4198
2022-10-03 17:00:00,RO,0,261749,581306,60180,9350,14242,926827,4198,100.0,903235,28.98,64.36,-35.38,4198
2022-10-03 18:00:00,RO,0,261749,581306,60180,9350,14242,926827,4198,100.0,903235,28.98,64.36,-35.38,4198
2022-10-03 19:00:00,RO,0,261749,581306,60180,9350,14242,926827,4198,100.0,903235,28.98,64.36,-35.38,4198
2022-10-02 17:00:00,RR,46,3103,4491,403,39,135,8171,46,3.63,7997,38.8,56.16,-17.36,1268
2022-10-02 18:00:00,RR,390,22925,65892,6767,709,1495,97788,436,34.38,95584,23.98,68.94,-44.96,1268
2022-10-02 19:00:00,RR,721,61535,188558,20230,2067,4319,276709,1157,91.25,270323,22.76,69.75,-46.99,1268
2022-10-02 20:00:00,RR,109,68654,207231,21995,2252,4777,304909,1266,99.84,297880,23.05,69.57,-46.52,1268
2022-10-02 21:00:00,RR,2,68760,207587,22022,2255,4780,305404,1268,100.0,298369,23.05,69.57,-46.52,1268
2022-10-02 22:00:00,RR,0,68760,207587,22022,2255,4780,305404,1268,100.0,298369,23.05,69.57,-46.52,1268
2022-10-02 23:00:00,RR,0,68760,207587,22022,2255,4780,305404,1268,100.0,298369,23.05,69.57,-46.52,1268
2022-10-03 00:00:00,RR,0,68760,207587,22022,2255,4780,305404,1268,100.0,298369,23.05,69.57,-46.52,1268
2022-10-03 01:00:00,RR,0,68760,207587,22022,2255,4780,305404,1268,100.0,298369,23.05,69.57,-46.52,1268
2022-10-03 02:00:00,RR,0,68760,207587,22022,2255,4780,305404,1268,100.0,298369,23.05,69.57,-46.52,1268
2022-10-03 03:00:00,RR,0,68760,207587,22022,2255,4780,305404,1268,100.0,298369,23.05,69.57,-46.52,1268
2022-10-03 04:00:00,RR,0,68760,207587,22022,2255,4780,305404,1268,100.0,298369,23.05,69.57,-46.52,1268
2022-10-03 05:00:00,RR,0,68760,207587,22022,2255,4780,305404,1268,100.0,298369,23.05,69.57,-46.52,1268
2022-10-03 06:00:00,RR,0,68760,207587,22022,2255,4780,305404,1268,100.0,298369,23.05,69.57,-46.52,1268
2022-10-03 07:00:00,RR,0,68760,207587,22022,2255,4780,305404,1268,100.0,298369,23.05,69.57,-46.52,1268
2022-10-03 08:00:00,RR,0,68760,207587,22022,2255,4780,305404,1268,100.0,298369,23.05,69.57,-46.52,1268
2022-10-03 09:00:00,RR,0,68760,207587,22022,2255,4780,305404,1268,100.0,298369,23.05,69.57,-46.52,1268
2022-10-03 10:00:00,RR,0,68760,207587,22022,2255,4780,305404,1268,100.0,298369,23.05,69.57,-46.52,1268
2022-10-03 11:00:00,RR,0,68760,207587,22022,2255,4780,305404,1268,100.0,298369,23.05,69.57,-46.52,1268
2022-10-03 12:00:00,RR,0,68760,207587,22022,2255,4780,305404,1268,100.0,298369,23.05,69.57,-46.52,1268
2022-10-03 13:00:00,RR,0,68760,207587,22022,2255,4780,305404,1268,100.0,298369,23.05,69.57,-46.52,1268
2022-10-03 14:00:00,RR,0,68760,207587,22022,2255,4780,305404,1268,100.0,298369,23.05,69.57,-46.52,1268
2022-10-03 15:00:00,RR,0,68760,207587,22022,2255,4780,305404,1268,100.0,298369,23.05,69.57,-46.52,1268
2022-10-03 16:00:00,RR,0,68760,207587,22022,2255,4780,305404,1268,100.0,298369,23.05,69.57,-46.52,1268
2022-10-03 17:00:00,RR,0,68760,207587,22022,2255,4780,305404,1268,100.0,298369,23.05,69.57,-46.52,1268
2022-10-03 18:00:00,RR,0,68760,207587,22022,2255,4780,305404,1268,100.0,298369,23.05,69.57,-46.52,1268
2022-10-03 19:00:00,RR,0,68760,207587,22022,2255,4780,305404,1268,100.0,298369,23.05,69.57,-46.52,1268
2022-10-02 17:00:00,TO,570,58152,54014,7001,1011,3093,123271,570,14.4,119167,48.8,45.33,3.47,3957
2022-10-02 18:00:00,TO,2120,279128,258607,32912,4587,14744,589978,2690,67.98,570647,48.91,45.32,3.59,3957
2022-10-02 19:00:00,TO,1026,400654,360193,45894,6455,21331,834527,3716,93.91,806741,49.66,44.65,5.01,3957
2022-10-02 20:00:00,TO,220,430974,377899,48082,6777,22725,886457,3936,99.47,856955,50.29,44.1,6.19,3957
2022-10-02 21:00:00,TO,21,434303,379194,48295,6795,22862,891449,3957,100.0,861792,50.4,44.0,6.4,3957
2022-10-02 22:00:00,TO,0,434303,379194,48295,6795,22862,891449,3957,100.0,861792,50.4,44.0,6.4,3957
2022-10-02 23:00:00,TO,0,434303,379194,48295,6795,22862,891449,3957,100.0,861792,50.4,44.0,6.4,3957
2022-10-03 00:00:00,TO,0,434303,379194,48295,6795,22862,891449,3957,100.0,861792,50.4,44.0,6.4,3957
2022-10-03 01:00:00,TO,0,434303,379194,48295,6795,22862,891449,3957,100.0,861792,50.4,44.0,6.4,3957
2022-10-03 02:00:00,TO,0,434303,379194,48295,6795,22862,891449,3957,100.0,861792,50.4,44.0,6.4,3957
2022-10-03 03:00:00,TO,0,434303,379194,48295,6795,22862,891449,3957,100.0,861792,50.4,44.0,6.4,3957
2022-10-03 04:00:00,TO,0,434303,379194,48295,6795,22862,891449,3957,100.0,861792,50.4,44.0,6.4,3957
2022-10-03 05:00:00,TO,0,434303,379194,48295,6795,22862,891449,3957,100.0,861792,50.4,44.0,6.4,3957
2022-10-03 06:00:00,TO,0,434303,379194,48295,6795,22862,891449,3957,100.0,861792,50.4,44.0,6.4,3957
2022-10-03 07:00:00,TO,0,434303,379194,48295,6795,22862,891449,3957,100.0,861792,50.4,44.0,6.4,3957
2022-10-03 08:00:00,TO,0,434303,379194,48295,6795,22862,891449,3957,100.0,861792,50.4,44.0,6.4,3957
2022-10-03 09:00:00,TO,0,434303,379194,48295,6795,22862,891449,3957,100.0,861792,50.4,44.0,6.4,3957
2022-10-03 10:00:00,TO,0,434303,379194,48295,6795,22862,891449,3957,100.0,861792,50.4,44.0,6.4,3957
2022-10-03 11:00:00,TO,0,434303,379194,48295,6795,22862,891449,3957,100.0,861792,50.4,44.0,6.4,3957
2022-10-03 12:00:00,TO,0,434303,379194,48295,6795,22862,891449,3957,100.0,861792,50.4,44.0,6.4,3957
2022-10-03 13:00:00,TO,0,434303,379194,48295,6795,22862,891449,3957,100.0,861792,50.4,44.0,6.4,3957
2022-10-03 14:00:00,TO,0,434303,379194,48295,6795,22862,891449,3957,100.0,861792,50.4,44.0,6.4,3957
2022-10-03 15:00:00,TO,0,434303,379194,48295,6795,22862,891449,3957,100.0,861792,50.4,44.0,6.4,3957
2022-10-03 16:00:00,TO,0,434303,379194,48295,6795,22862,891449,3957,100.0,861792,50.4,44.0,6.4,3957
2022-10-03 17:00:00,TO,0,434303,379194,48295,6795,22862,891449,3957,100.0,861792,50.4,44.0,6.4,3957
2022-10-03 18:00:00,TO,0,434303,379194,48295,6795,22862,891449,3957,100.0,861792,50.4,44.0,6.4,3957
2022-10-03 19:00:00,TO,0,434303,379194,48295,6795,22862,891449,3957,100.0,861792,50.4,44.0,6.4,3957
2022-10-02 17:00:00,NORTE,3283,335576,365141,70144,7857,14792,793510,3283,8.42,770861,43.53,47.37,-3.84,38975
2022-10-02 18:00:00,NORTE,12120,1582254,1782969,301425,36585,69234,3772467,15403,39.52,3666648,43.15,48.63,-5.48,38975
2022-10-02 19:00:00,NORTE,14618,3258837,3497886,575920,70281,131257,7534181,30021,77.03,7332643,44.44,47.7,-3.26,38975
2022-10-02 20:00:00,NORTE,7388,4288111,4268019,699580,84630,160177,9500517,37409,95.98,9255710,46.33,46.11,0.22,38975
2022-10-02 21:00:00,NORTE,1115,4466682,4367627,716508,86373,164141,9801331,38524,98.84,9550817,46.77,45.73,1.04,38975
2022-10-02 22:00:00,NORTE,308,4525375,4386756,720770,86680,165086,9884667,38832,99.63,9632901,46.98,45.54,1.44,38975
2022-10-02 23:00:00,NORTE,87,4542329,4393109,721744,86770,165387,9909339,38919,99.86,9657182,47.04,45.49,1.55,38975
2022-10-03 00:00:00,NORTE,40,4551278,4395487,722132,86802,165523,9921222,38959,99.96,9668897,47.07,45.46,1.61,38975
2022-10-03 01:00:00,NORTE,3,4551997,4395570,722143,86810,165528,9922048,38962,99.97,9669710,47.07,45.46,1.61,38975
2022-10-03 02:00:00,NORTE,6,4553378,4395856,722234,86819,165558,9923845,38968,99.98,9671468,47.08,45.45,1.63,38975
2022-10-03 03:00:00,NORTE,1,4553739,4395865,722254,86820,165581,9924259,38969,99.98,9671858,47.08,45.45,1.63,38975
2022-10-03 04:00:00,NORTE,0,4553739,4395865,722254,86820,165581,9924259,38969,99.98,9671858,47.08,45.45,1.63,38975
2022-10-03 05:00:00,NORTE,1,4553889,4395879,722255,86820,165583,9924426,38970,99.99,9672023,47.08,45.45,1.63,38975
2022-10-03 06:00:00,NORTE,0,4553889,4395879,722255,86820,165583,9924426,38970,99.99,9672023,47.08,45.45,1.63,38975
2022-10-03 07:00:00,NORTE,0,4553889,4395879,722255,86820,165583,9924426,38970,99.99,9672023,47.08,45.45,1.63,38975
2022-10-03 08:00:00,NORTE,0,4553889,4395879,722255,86820,165583,9924426,38970,99.99,9672023,47.08,45.45,1.63,38975
2022-10-03 09:00:00,NORTE,1,4554067,4395912,722267,86822,165590,9924658,38971,99.99,9672246,47.08,45.45,1.63,38975
2022-10-03 10:00:00,NORTE,3,4554531,4396050,722288,86823,165595,9925287,38974,100.0,9672869,47.09,45.45,1.64,38975
2022-10-03 11:00:00,NORTE,0,4554531,4396050,722288,86823,165595,9925287,38974,100.0,9672869,47.09,45.45,1.64,38975
2022-10-03 12:00:00,NORTE,0,4554531,4396050,722288,86823,165595,9925287,38974,100.0,9672869,47.09,45.45,1.64,38975
2022-10-03 13:00:00,NORTE,0,4554531,4396050,722288,86823,165595,9925287,38974,100.0,9672869,47.09,45.45,1.64,38975
2022-10-03 14:00:00,NORTE,0,4554531,4396050,722288,86823,165595,9925287,38974,100.0,9672869,47.09,45.45,1.64,38975
2022-10-03 15:00:00,NORTE,0,4554531,4396050,722288,86823,165595,9925287,38974,100.0,9672869,47.09,45.45,1.64,38975
2022-10-03 16:00:00,NORTE,0,4554531,4396050,722288,86823,165595,9925287,38974,100.0,9672869,47.09,45.45,1.64,38975
2022-10-03 17:00:00,NORTE,0,4554531,4396050,722288,86823,165595,9925287,38974,100.0,9672869,47.09,45.45,1.64,38975
2022-10-03 18:00:00,NORTE,0,4554531,4396050,722288,86823,165595,9925287,38974,100.0,9672869,47.09,45.45,1.64,38975
2022-10-03 19:00:00,NORTE,1,4554630,4396161,722295,86825,165596,9925507,38975,100.0,9673086,47.09,45.45,1.64,38975
