uf,agr,vag,grupo
AC,PCDOB / PT / PV,1,Esquerda
AC,PP / UNIÃO,4,Direita (outros)
AC,PL,1,PL
AC,REPUBLICANOS,1,Direita (outros)
AC,MDB,1,Centro
AL,PSD,2,Centro
AL,PP / UNIÃO,4,Direita (outros)
AL,CIDADANIA / PSDB,1,Centro
AL,MDB,2,Centro
AM,PSD,1,Centro
AM,PP / UNIÃO,2,Direita (outros)
AM,REPUBLICANOS,1,Direita (outros)
AM,PL,2,PL
AM,MDB,2,Centro
AP,PL,1,PL
AP,PP / UNIÃO,3,Direita (outros)
AP,PCDOB / PT / PV,1,Esquerda
AP,PDT,2,Esquerda
AP,PODE,1,Centro
BA,PSD,6,Centro
BA,PDT,1,Esquerda
BA,MDB,1,Centro
BA,AVANTE,3,Centro
BA,PSB,1,Esquerda
BA,REPUBLICANOS,3,Direita (outros)
BA,PP / UNIÃO,8,Direita (outros)
BA,PCDOB / PT / PV,10,Esquerda
BA,PL,4,PL
BA,CIDADANIA / PSDB,2,Centro
CE,MDB,2,Centro
CE,PCDOB / PT / PV,3,Esquerda
CE,PSD,3,Centro
CE,PRD / SOLIDARIEDADE,2,Centro
CE,PSB,4,Esquerda
CE,PL,4,PL
CE,PP / UNIÃO,3,Direita (outros)
CE,REPUBLICANOS,1,Direita (outros)
DF,MDB,1,Centro
DF,PSOL / REDE,1,Esquerda
DF,REPUBLICANOS,1,Direita (outros)
DF,PCDOB / PT / PV,2,Esquerda
DF,PL,3,PL
ES,PSB,1,Esquerda
ES,PP / UNIÃO,3,Direita (outros)
ES,PCDOB / PT / PV,2,Esquerda
ES,PL,2,PL
ES,REPUBLICANOS,1,Direita (outros)
ES,PODE,1,Centro
GO,MDB,2,Centro
GO,PP / UNIÃO,4,Direita (outros)
GO,REPUBLICANOS,1,Direita (outros)
GO,PRD / SOLIDARIEDADE,1,Centro
GO,PSD,2,Centro
GO,PODE,1,Centro
GO,PL,4,PL
GO,PCDOB / PT / PV,2,Esquerda
MA,PCDOB / PT / PV,2,Esquerda
MA,PL,4,PL
MA,MDB,5,Centro
MA,PP / UNIÃO,3,Direita (outros)
MA,PDT,1,Esquerda
MA,REPUBLICANOS,1,Direita (outros)
MA,CIDADANIA / PSDB,1,Centro
MA,PRD / SOLIDARIEDADE,1,Centro
MG,PL,21,PL
MG,PCDOB / PT / PV,13,Esquerda
MG,PP / UNIÃO,6,Direita (outros)
MG,CIDADANIA / PSDB,1,Centro
MG,REPUBLICANOS,3,Direita (outros)
MG,PODE,1,Centro
MG,AVANTE,1,Centro
MG,MDB,1,Centro
MG,PRD / SOLIDARIEDADE,1,Centro
MG,PSD,2,Centro
MG,PSB,1,Esquerda
MG,PSOL / REDE,2,Esquerda
MS,PL,3,PL
MS,PP / UNIÃO,2,Direita (outros)
MS,REPUBLICANOS,2,Direita (outros)
MS,PCDOB / PT / PV,1,Esquerda
MT,PP / UNIÃO,2,Direita (outros)
MT,PL,3,PL
MT,REPUBLICANOS,1,Direita (outros)
MT,PCDOB / PT / PV,1,Esquerda
MT,PODE,1,Centro
PA,PSB,1,Esquerda
PA,PSD,2,Centro
PA,PP / UNIÃO,1,Direita (outros)
PA,PODE,2,Centro
PA,PL,3,PL
PA,PCDOB / PT / PV,2,Esquerda
PA,MDB,6,Centro
PB,REPUBLICANOS,3,Direita (outros)
PB,PSD,1,Centro
PB,PP / UNIÃO,3,Direita (outros)
PB,PCDOB / PT / PV,2,Esquerda
PB,PODE,1,Centro
PB,PL,2,PL
PE,PP / UNIÃO,4,Direita (outros)
PE,PSB,4,Esquerda
PE,PSD,2,Centro
PE,REPUBLICANOS,2,Direita (outros)
PE,NOVO,1,Direita (outros)
PE,AVANTE,1,Centro
PE,MDB,1,Centro
PE,PSOL / REDE,1,Esquerda
PE,PCDOB / PT / PV,4,Esquerda
PE,PODE,3,Centro
PE,PL,2,PL
PI,MDB,2,Centro
PI,REPUBLICANOS,1,Direita (outros)
PI,PSD,2,Centro
PI,PCDOB / PT / PV,4,Esquerda
PI,PP / UNIÃO,1,Direita (outros)
PR,PODE,2,Centro
PR,PL,5,PL
PR,REPUBLICANOS,2,Direita (outros)
PR,NOVO,4,Direita (outros)
PR,PCDOB / PT / PV,6,Esquerda
PR,PP / UNIÃO,6,Direita (outros)
PR,PSD,4,Centro
PR,MDB,1,Centro
RJ,PP / UNIÃO,6,Direita (outros)
RJ,REPUBLICANOS,1,Direita (outros)
RJ,MDB,1,Centro
RJ,CIDADANIA / PSDB,4,Centro
RJ,PDT,1,Esquerda
RJ,NOVO,1,Direita (outros)
RJ,PL,15,PL
RJ,PRD / SOLIDARIEDADE,1,Centro
RJ,PSD,4,Centro
RJ,PSOL / REDE,4,Esquerda
RJ,PCDOB / PT / PV,8,Esquerda
RN,PL,3,PL
RN,PCDOB / PT / PV,3,Esquerda
RN,PP / UNIÃO,2,Direita (outros)
RO,PODE,2,Centro
RO,PL,3,PL
RO,PP / UNIÃO,2,Direita (outros)
RO,PSD,1,Centro
RR,REPUBLICANOS,3,Direita (outros)
RR,PP / UNIÃO,2,Direita (outros)
RR,PODE,2,Centro
RR,PL,1,PL
RS,PSOL / REDE,1,Esquerda
RS,PODE,2,Centro
RS,PDT,1,Esquerda
RS,PL,8,PL
RS,PCDOB / PT / PV,6,Esquerda
RS,MDB,3,Centro
RS,REPUBLICANOS,2,Direita (outros)
RS,PP / UNIÃO,5,Direita (outros)
RS,PSD,2,Centro
RS,NOVO,1,Direita (outros)
SC,PL,7,PL
SC,REPUBLICANOS,1,Direita (outros)
SC,PCDOB / PT / PV,3,Esquerda
SC,NOVO,1,Direita (outros)
SC,PODE,1,Centro
SC,PSD,1,Centro
SC,PP / UNIÃO,1,Direita (outros)
SC,MDB,1,Centro
SE,PSD,2,Centro
SE,PSB,1,Esquerda
SE,PCDOB / PT / PV,1,Esquerda
SE,REPUBLICANOS,1,Direita (outros)
SE,PP / UNIÃO,3,Direita (outros)
SP,MISSÃO,1,Direita (outros)
SP,PSB,2,Esquerda
SP,PSD,6,Centro
SP,REPUBLICANOS,6,Direita (outros)
SP,PODE,6,Centro
SP,PL,19,PL
SP,PP / UNIÃO,5,Direita (outros)
SP,PRD / SOLIDARIEDADE,1,Centro
SP,NOVO,2,Direita (outros)
SP,MDB,4,Centro
SP,CIDADANIA / PSDB,1,Centro
SP,PCDOB / PT / PV,11,Esquerda
SP,PSOL / REDE,6,Esquerda
TO,PODE,1,Centro
TO,REPUBLICANOS,3,Direita (outros)
TO,PL,1,PL
TO,PP / UNIÃO,2,Direita (outros)
TO,CIDADANIA / PSDB,1,Centro
