NR_TURNO,SG_UF,DS_CARGO,NM_URNA_CANDIDATO,SG_PARTIDO,DS_COMPOSICAO_FEDERACAO,DS_SIT_TOT_TURNO
1,RS,DEPUTADO FEDERAL,BOHN GASS,PT,PT/PC do B/PV,ELEITO POR QP
1,RS,DEPUTADO FEDERAL,TENENTE CORONEL ZUCCO,REPUBLICANOS,#NULO,ELEITO POR QP
1,RS,DEPUTADO FEDERAL,MARCEL VAN HATTEM,NOVO,#NULO,ELEITO POR QP
1,RS,DEPUTADO FEDERAL,GIOVANI CHERINI,PL,#NULO,ELEITO POR QP
1,RS,DEPUTADO FEDERAL,AFONSO MOTTA,PDT,#NULO,ELEITO POR MÉDIA
1,RS,DEPUTADO FEDERAL,LUCAS REDECKER,PSDB,PSDB/CIDADANIA,ELEITO POR QP
1,RS,DEPUTADO FEDERAL,ANY ORTIZ,CIDADANIA,PSDB/CIDADANIA,ELEITO POR QP
1,RS,DEPUTADO FEDERAL,OSMAR TERRA,MDB,#NULO,ELEITO POR QP
1,RS,DEPUTADO FEDERAL,DAIANA SANTOS,PC do B,PT/PC do B/PV,ELEITO POR MÉDIA
1,RS,DEPUTADO FEDERAL,POMPEO DE MATTOS,PDT,#NULO,ELEITO POR QP
1,RS,DEPUTADO FEDERAL,FERNANDA MELCHIONNA,PSOL,PSOL/REDE,ELEITO POR QP
1,RS,DEPUTADO FEDERAL,DANRLEI DE DEUS GOLEIRO,PSD,#NULO,ELEITO POR QP
1,RS,DEPUTADO FEDERAL,SANDERSON,PL,#NULO,ELEITO POR QP
1,RS,DEPUTADO FEDERAL,HEITOR SCHUCH,PSB,#NULO,ELEITO POR MÉDIA
1,RS,DEPUTADO FEDERAL,CARLOS GOMES,REPUBLICANOS,#NULO,ELEITO POR QP
1,RS,DEPUTADO FEDERAL,ALCEU MOREIRA,MDB,#NULO,ELEITO POR QP
1,RS,DEPUTADO FEDERAL,MARIA DO ROSÁRIO,PT,PT/PC do B/PV,ELEITO POR QP
1,RS,DEPUTADO FEDERAL,ALEXANDRE LINDENMEYER,PT,PT/PC do B/PV,ELEITO POR QP
1,RS,DEPUTADO FEDERAL,DANIEL TRZECIAK  DANIEL DA TV ,PSDB,PSDB/CIDADANIA,ELEITO POR MÉDIA
1,RS,DEPUTADO FEDERAL,MAURICIO MARCON,PODE,#NULO,ELEITO POR QP
1,RS,DEPUTADO FEDERAL,MARCELO MORAES,PL,#NULO,ELEITO POR QP
1,RS,DEPUTADO FEDERAL,BIBO NUNES,PL,#NULO,ELEITO POR MÉDIA
1,RS,DEPUTADO FEDERAL,BUSATO,UNIÃO,#NULO,ELEITO POR QP
1,RS,DEPUTADO FEDERAL,MARCIO BIOLCHI,MDB,#NULO,ELEITO POR MÉDIA
1,RS,DEPUTADO FEDERAL,MARCON,PT,PT/PC do B/PV,ELEITO POR QP
1,RS,DEPUTADO FEDERAL,PAULO PIMENTA,PT,PT/PC do B/PV,ELEITO POR QP
1,RS,DEPUTADO FEDERAL,AFONSO HAMM,PP,#NULO,ELEITO POR MÉDIA
1,RS,DEPUTADO FEDERAL,DENISE PESSÔA,PT,PT/PC do B/PV,ELEITO POR MÉDIA
1,RS,DEPUTADO FEDERAL,PEDRO WESTPHALEN,PP,#NULO,ELEITO POR QP
1,RS,DEPUTADO FEDERAL,COVATTI FILHO,PP,#NULO,ELEITO POR QP
1,RS,DEPUTADO FEDERAL,FRANCIANE BAYER,REPUBLICANOS,#NULO,ELEITO POR MÉDIA
1,SC,DEPUTADO FEDERAL,RAFAEL PEZENTI,MDB,#NULO,ELEITO POR MÉDIA
1,SC,DEPUTADO FEDERAL,COBALCHINI,MDB,#NULO,ELEITO POR QP
1,SC,DEPUTADO FEDERAL,CAROL DE TONI,PL,#NULO,ELEITO POR QP
1,SC,DEPUTADO FEDERAL,ZÉ TROVÃO,PL,#NULO,ELEITO POR MÉDIA
1,SC,DEPUTADO FEDERAL,DANIEL FREITAS,PL,#NULO,ELEITO POR MÉDIA
1,SC,DEPUTADO FEDERAL,RICARDO GUIDI,PSD,#NULO,ELEITO POR MÉDIA
1,SC,DEPUTADO FEDERAL,GILSON MARQUES,NOVO,#NULO,ELEITO POR MÉDIA
1,SC,DEPUTADO FEDERAL,PROFESSOR PEDRO UCZAI,PT,PT/PC do B/PV,ELEITO POR QP
1,SC,DEPUTADO FEDERAL,JULIA ZANATTA,PL,#NULO,ELEITO POR QP
1,SC,DEPUTADO FEDERAL,CARMEN ZANOTTO,CIDADANIA,PSDB/CIDADANIA,ELEITO POR QP
1,SC,DEPUTADO FEDERAL,CARLOS CHIODINI,MDB,#NULO,ELEITO POR MÉDIA
1,SC,DEPUTADO FEDERAL,DANIELA REINEHR,PL,#NULO,ELEITO POR MÉDIA
1,SC,DEPUTADO FEDERAL,ANA PAULA LIMA,PT,PT/PC do B/PV,ELEITO POR QP
1,SC,DEPUTADO FEDERAL,JORGE GOETTEN,PL,#NULO,ELEITO POR QP
1,SC,DEPUTADO FEDERAL,ISMAEL,PSD,#NULO,ELEITO POR QP
1,SC,DEPUTADO FEDERAL,FABIO SCHIOCHET,UNIÃO,#NULO,ELEITO POR QP
1,RO,DEPUTADO FEDERAL,RAFAEL FERA O FISCAL DO POVO,PODE,#NULO,ELEITO POR MÉDIA
1,RO,DEPUTADO FEDERAL,THIAGO FLORES,MDB,#NULO,ELEITO POR MÉDIA
1,RO,DEPUTADO FEDERAL,CORONEL CHRISÓSTOMO,PL,#NULO,ELEITO POR MÉDIA
1,RO,DEPUTADO FEDERAL,CRISTIANE LOPES,UNIÃO,#NULO,ELEITO POR MÉDIA
1,RO,DEPUTADO FEDERAL,LUCIO MOSQUINI,MDB,#NULO,ELEITO POR MÉDIA
1,RO,DEPUTADO FEDERAL,SILVIA CRISTINA,PL,#NULO,ELEITO POR QP
1,RO,DEPUTADO FEDERAL,MAURÍCIO CARVALHO,UNIÃO,#NULO,ELEITO POR MÉDIA
1,RO,DEPUTADO FEDERAL,DR FERNANDO MÁXIMO,UNIÃO,#NULO,ELEITO POR QP
1,RR,DEPUTADO FEDERAL,DEFENSOR STÉLIO DENER,REPUBLICANOS,#NULO,ELEITO POR MÉDIA
1,RR,DEPUTADO FEDERAL,JHONATAN DE JESUS,REPUBLICANOS,#NULO,ELEITO POR QP
1,RR,DEPUTADO FEDERAL,PASTOR DINIZ,UNIÃO,#NULO,ELEITO POR MÉDIA
1,RR,DEPUTADO FEDERAL,ZÉ HAROLDO CATHEDRAL,PSD,#NULO,ELEITO POR MÉDIA
1,RR,DEPUTADO FEDERAL,ALBUQUERQUE,REPUBLICANOS,#NULO,ELEITO POR MÉDIA
1,RR,DEPUTADO FEDERAL,HELENA DA ASATUR,MDB,#NULO,ELEITO POR QP
1,RR,DEPUTADO FEDERAL,NICOLETTI,UNIÃO,#NULO,ELEITO POR QP
1,RR,DEPUTADO FEDERAL,DUDA RAMOS,MDB,#NULO,ELEITO POR MÉDIA
1,SE,DEPUTADO FEDERAL,ICARO DE VALMIR,PL,#NULO,ELEITO POR MÉDIA
1,SE,DEPUTADO FEDERAL,JOAO DANIEL,PT,PT/PC do B/PV,ELEITO POR QP
1,SE,DEPUTADO FEDERAL,FABIO REIS,PSD,#NULO,ELEITO POR QP
1,SE,DEPUTADO FEDERAL,YANDRA DE ANDRÉ,UNIÃO,#NULO,ELEITO POR QP
1,SE,DEPUTADO FEDERAL,GUSTINHO RIBEIRO,REPUBLICANOS,#NULO,ELEITO POR QP
1,SE,DEPUTADO FEDERAL,DELEGADA KATARINA,PSD,#NULO,ELEITO POR MÉDIA
1,SE,DEPUTADO FEDERAL,THIAGO DE JOALDO,PP,#NULO,ELEITO POR MÉDIA
1,SE,DEPUTADO FEDERAL,RODRIGO VALADARES,UNIÃO,#NULO,ELEITO POR MÉDIA
1,SP,DEPUTADO FEDERAL,LUIZA ERUNDINA,PSOL,PSOL/REDE,ELEITO POR QP
1,SP,DEPUTADO FEDERAL,GUILHERME BOULOS,PSOL,PSOL/REDE,ELEITO POR QP
1,SP,DEPUTADO FEDERAL,TIRIRICA,PL,#NULO,ELEITO POR MÉDIA
1,SP,DEPUTADO FEDERAL,ALEXANDRE LEITE,UNIÃO,#NULO,ELEITO POR QP
1,SP,DEPUTADO FEDERAL,DELEGADO PALUMBO,MDB,#NULO,ELEITO POR QP
1,SP,DEPUTADO FEDERAL,BALEIA ROSSI,MDB,#NULO,ELEITO POR QP
1,SP,DEPUTADO FEDERAL,ARNALDO JARDIM,CIDADANIA,PSDB/CIDADANIA,ELEITO POR QP
1,SP,DEPUTADO FEDERAL,LUIZ MARINHO,PT,PT/PC do B/PV,ELEITO POR QP
1,SP,DEPUTADO FEDERAL,MILTON VIEIRA,REPUBLICANOS,#NULO,ELEITO POR QP
1,SP,DEPUTADO FEDERAL,SÂMIA BOMFIM,PSOL,PSOL/REDE,ELEITO POR QP
1,SP,DEPUTADO FEDERAL,CAPITÃO AUGUSTO,PL,#NULO,ELEITO POR QP
1,SP,DEPUTADO FEDERAL,RODRIGO GAMBALE,PODE,#NULO,ELEITO POR MÉDIA
1,SP,DEPUTADO FEDERAL,KIM KATAGUIRI,UNIÃO,#NULO,ELEITO POR QP
1,SP,DEPUTADO FEDERAL,KIKO CELEGUIM,PT,PT/PC do B/PV,ELEITO POR QP
1,SP,DEPUTADO FEDERAL,FAUSTO PINATO,PP,#NULO,ELEITO POR MÉDIA
1,SP,DEPUTADO FEDERAL,VINICIUS CARVALHO,REPUBLICANOS,#NULO,ELEITO POR QP
1,SP,DEPUTADO FEDERAL,MOTTA,PL,#NULO,ELEITO POR QP
1,SP,DEPUTADO FEDERAL,CAPITÃO DERRITE,PL,#NULO,ELEITO POR QP
1,SP,DEPUTADO FEDERAL,MIGUEL LOMBARDI,PL,#NULO,ELEITO POR QP
1,SP,DEPUTADO FEDERAL,CARLOS SAMPAIO,PSDB,PSDB/CIDADANIA,ELEITO POR MÉDIA
1,SP,DEPUTADO FEDERAL,PAULO ALEXANDRE BARBOSA,PSDB,PSDB/CIDADANIA,ELEITO POR QP
1,SP,DEPUTADO FEDERAL,JULIANA CARDOSO,PT,PT/PC do B/PV,ELEITO POR MÉDIA
1,SP,DEPUTADO FEDERAL,ANTONIO CARLOS RODRIGUES,PL,#NULO,ELEITO POR QP
1,SP,DEPUTADO FEDERAL,MARINA SILVA,REDE,PSOL/REDE,ELEITO POR QP
1,SP,DEPUTADO FEDERAL,ROSANA VALLE,PL,#NULO,ELEITO POR QP
1,SP,DEPUTADO FEDERAL,PASTOR MARCO FELICIANO,PL,#NULO,ELEITO POR QP
1,SP,DEPUTADO FEDERAL,BRUNO GANEM,PODE,#NULO,ELEITO POR QP
1,SP,DEPUTADO FEDERAL,ALBERTO MOURÃO,MDB,#NULO,ELEITO POR QP
1,SP,DEPUTADO FEDERAL,GILBERTO NASCIMENTO,PSC,#NULO,ELEITO POR MÉDIA
1,SP,DEPUTADO FEDERAL,ALEXANDRE PADILHA,PT,PT/PC do B/PV,ELEITO POR QP
1,SP,DEPUTADO FEDERAL,NILTO TATTO,PT,PT/PC do B/PV,ELEITO POR QP
1,SP,DEPUTADO FEDERAL,MARCELO LIMA,SOLIDARIEDADE,#NULO,ELEITO POR QP
1,SP,DEPUTADO FEDERAL,MARCO BERTAIOLLI,PSD,#NULO,ELEITO POR QP
1,SP,DEPUTADO FEDERAL,MARIA ROSAS,REPUBLICANOS,#NULO,ELEITO POR MÉDIA
1,SP,DEPUTADO FEDERAL,MARCOS PEREIRA,REPUBLICANOS,#NULO,ELEITO POR QP
1,SP,DEPUTADO FEDERAL,CELSO RUSSOMANNO,REPUBLICANOS,#NULO,ELEITO POR QP
1,SP,DEPUTADO FEDERAL,CARLA ZAMBELLI,PL,#NULO,ELEITO POR QP
1,SP,DEPUTADO FEDERAL,ERIKA HILTON,PSOL,PSOL/REDE,ELEITO POR QP
1,SP,DEPUTADO FEDERAL,JEFFERSON CAMPOS,PL,#NULO,ELEITO POR QP
1,SP,DEPUTADO FEDERAL,EDUARDO BOLSONARO,PL,#NULO,ELEITO POR QP
1,SP,DEPUTADO FEDERAL,RICARDO SALLES,PL,#NULO,ELEITO POR QP
1,SP,DEPUTADO FEDERAL,MARIO FRIAS,PL,#NULO,ELEITO POR QP
1,SP,DEPUTADO FEDERAL,JONAS DONIZETTE,PSB,#NULO,ELEITO POR QP
1,SP,DEPUTADO FEDERAL,ALEX MANENTE,CIDADANIA,PSDB/CIDADANIA,ELEITO POR QP
1,SP,DEPUTADO FEDERAL,RUI FALCÃO,PT,PT/PC do B/PV,ELEITO POR QP
1,SP,DEPUTADO FEDERAL,ARLINDO CHINAGLIA,PT,PT/PC do B/PV,ELEITO POR QP
1,SP,DEPUTADO FEDERAL,PAULO TEIXEIRA,PT,PT/PC do B/PV,ELEITO POR MÉDIA
1,SP,DEPUTADO FEDERAL,ADRIANA VENTURA,NOVO,#NULO,ELEITO POR QP
1,SP,DEPUTADO FEDERAL,LUIZ PHILIPPE DE O BRAGANÇA,PL,#NULO,ELEITO POR QP
1,SP,DEPUTADO FEDERAL,TABATA AMARAL,PSB,#NULO,ELEITO POR QP
1,SP,DEPUTADO FEDERAL,RENATA ABREU,PODE,#NULO,ELEITO POR QP
1,SP,DEPUTADO FEDERAL,CARLOS ZARATTINI,PT,PT/PC do B/PV,ELEITO POR QP
1,SP,DEPUTADO FEDERAL,CEZINHA DE MADUREIRA,PSD,#NULO,ELEITO POR QP
1,SP,DEPUTADO FEDERAL,SÔNIA GUAJAJARA,PSOL,PSOL/REDE,ELEITO POR QP
1,SP,DEPUTADO FEDERAL,MARCIO ALVINO,PL,#NULO,ELEITO POR QP
1,SP,DEPUTADO FEDERAL,PAULO FREIRE DA COSTA,PL,#NULO,ELEITO POR QP
1,SP,DEPUTADO FEDERAL,ROSÂNGELA MORO,UNIÃO,#NULO,ELEITO POR QP
1,SP,DEPUTADO FEDERAL,FELIPE BECARI,UNIÃO,#NULO,ELEITO POR QP
1,SP,DEPUTADO FEDERAL,VITOR LIPPI,PSDB,PSDB/CIDADANIA,ELEITO POR QP
1,SP,DEPUTADO FEDERAL,ALENCAR SANTANA,PT,PT/PC do B/PV,ELEITO POR QP
1,SP,DEPUTADO FEDERAL,JILMAR TATTO,PT,PT/PC do B/PV,ELEITO POR QP
1,SP,DEPUTADO FEDERAL,DELEGADO BRUNO LIMA,PP,#NULO,ELEITO POR QP
1,SP,DEPUTADO FEDERAL,MAURICIO NEVES,PP,#NULO,ELEITO POR QP
1,SP,DEPUTADO FEDERAL,DELEGADO PAULO BILYNSKYJ,PL,#NULO,ELEITO POR QP
1,SP,DEPUTADO FEDERAL,DAVID SOARES,UNIÃO,#NULO,ELEITO POR QP
1,SP,DEPUTADO FEDERAL,MARANGONI,UNIÃO,#NULO,ELEITO POR MÉDIA
1,SP,DEPUTADO FEDERAL,FABIO TERUEL,MDB,#NULO,ELEITO POR QP
1,SP,DEPUTADO FEDERAL,SIMONE MARQUETTO,MDB,#NULO,ELEITO POR MÉDIA
1,SP,DEPUTADO FEDERAL,DELEGADO DA CUNHA,PP,#NULO,ELEITO POR QP
1,SP,DEPUTADO FEDERAL,RICARDO SILVA,PSD,#NULO,ELEITO POR QP
1,TO,DEPUTADO FEDERAL,VICENTINHO JUNIOR,PP,#NULO,ELEITO POR MÉDIA
1,TO,DEPUTADO FEDERAL,TOINHO ANDRADE,REPUBLICANOS,#NULO,ELEITO POR QP
1,TO,DEPUTADO FEDERAL,ELI BORGES,PL,#NULO,ELEITO POR MÉDIA
1,TO,DEPUTADO FEDERAL,TIAGO DIMAS,PODE,#NULO,ELEITO POR MÉDIA
1,TO,DEPUTADO FEDERAL,CARLOS GAGUIM,UNIÃO,#NULO,ELEITO POR QP
1,TO,DEPUTADO FEDERAL,FILIPE MARTINS,PL,#NULO,ELEITO POR MÉDIA
1,TO,DEPUTADO FEDERAL,ALEXANDRE GUIMARÃES,REPUBLICANOS,#NULO,ELEITO POR MÉDIA
1,TO,DEPUTADO FEDERAL,RICARDO AYRES,REPUBLICANOS,#NULO,ELEITO POR MÉDIA
1,PI,DEPUTADO FEDERAL,CASTRO NETO,PSD,#NULO,ELEITO POR QP
1,PI,DEPUTADO FEDERAL,JULIO CÉSAR,PSD,#NULO,ELEITO POR QP
1,PI,DEPUTADO FEDERAL,ATILA,PP,#NULO,ELEITO POR QP
1,PI,DEPUTADO FEDERAL,DR. FRANCISCO,PT,PT/PC do B/PV,ELEITO POR QP
1,PI,DEPUTADO FEDERAL,FLAVIO NOGUEIRA,PT,PT/PC do B/PV,ELEITO POR MÉDIA
1,PI,DEPUTADO FEDERAL,REJANE DIAS,PT,PT/PC do B/PV,ELEITO POR QP
1,PI,DEPUTADO FEDERAL,JULIO ARCOVERDE,PP,#NULO,ELEITO POR QP
1,PI,DEPUTADO FEDERAL,JADYEL DA JUPI,PV,PT/PC do B/PV,ELEITO POR MÉDIA
1,PI,DEPUTADO FEDERAL,FLORENTINO NETO,PT,PT/PC do B/PV,ELEITO POR QP
1,PI,DEPUTADO FEDERAL,MARCOS AURELIO SAMPAIO,PSD,#NULO,ELEITO POR MÉDIA
1,PR,DEPUTADO FEDERAL,TONINHO WANDSCHEER,PROS,#NULO,ELEITO POR QP
1,PR,DEPUTADO FEDERAL,LUÍSA CANZIANI,PSD,#NULO,ELEITO POR MÉDIA
1,PR,DEPUTADO FEDERAL,LEANDRE,PSD,#NULO,ELEITO POR QP
1,PR,DEPUTADO FEDERAL,PAULO LITRO,PSD,#NULO,ELEITO POR QP
1,PR,DEPUTADO FEDERAL,FILIPE BARROS,PL,#NULO,ELEITO POR QP
1,PR,DEPUTADO FEDERAL,BETO RICHA,PSDB,PSDB/CIDADANIA,ELEITO POR MÉDIA
1,PR,DEPUTADO FEDERAL,SANDRO ALEX,PSD,#NULO,ELEITO POR QP
1,PR,DEPUTADO FEDERAL,DELEGADO MATHEUS LAIOLA,UNIÃO,#NULO,ELEITO POR QP
1,PR,DEPUTADO FEDERAL,VERMELHO,PL,#NULO,ELEITO POR MÉDIA
1,PR,DEPUTADO FEDERAL,TADEU VENERI,PT,PT/PC do B/PV,ELEITO POR MÉDIA
1,PR,DEPUTADO FEDERAL,SARGENTO FAHUR,PSD,#NULO,ELEITO POR QP
1,PR,DEPUTADO FEDERAL,PEDRO LUPION,PP,#NULO,ELEITO POR QP
1,PR,DEPUTADO FEDERAL,GIACOBO,PL,#NULO,ELEITO POR QP
1,PR,DEPUTADO FEDERAL,ALIEL MACHADO,PV,PT/PC do B/PV,ELEITO POR MÉDIA
1,PR,DEPUTADO FEDERAL,PADOVANI,UNIÃO,#NULO,ELEITO POR MÉDIA
1,PR,DEPUTADO FEDERAL,SÉRGIO SOUZA,MDB,#NULO,ELEITO POR QP
1,PR,DEPUTADO FEDERAL,DILCEU SPERAFICO,PP,#NULO,ELEITO POR MÉDIA
1,PR,DEPUTADO FEDERAL,TIÃO MEDEIROS,PP,#NULO,ELEITO POR QP
1,PR,DEPUTADO FEDERAL,ZECA DIRCEU,PT,PT/PC do B/PV,ELEITO POR QP
1,PR,DEPUTADO FEDERAL,GLEISI,PT,PT/PC do B/PV,ELEITO POR QP
1,PR,DEPUTADO FEDERAL,DELTAN DALLAGNOL,PODE,#NULO,ELEITO POR QP
1,PR,DEPUTADO FEDERAL,LUCIANO DUCCI,PSB,#NULO,ELEITO POR MÉDIA
1,PR,DEPUTADO FEDERAL,DIEGO GARCIA,REPUBLICANOS,#NULO,ELEITO POR QP
1,PR,DEPUTADO FEDERAL,ENIO VERRI,PT,PT/PC do B/PV,ELEITO POR QP
1,PR,DEPUTADO FEDERAL,FELIPE FRANCISCHINI,UNIÃO,#NULO,ELEITO POR QP
1,PR,DEPUTADO FEDERAL,LUIZ NISHIMORI,PSD,#NULO,ELEITO POR MÉDIA
1,PR,DEPUTADO FEDERAL,RICARDO BARROS,PP,#NULO,ELEITO POR QP
1,PR,DEPUTADO FEDERAL,CAROL DARTORA,PT,PT/PC do B/PV,ELEITO POR QP
1,PR,DEPUTADO FEDERAL,GERALDO MENDES,UNIÃO,#NULO,ELEITO POR QP
1,PR,DEPUTADO FEDERAL,BETO PRETO,PSD,#NULO,ELEITO POR QP
1,RN,DEPUTADO FEDERAL,SARGENTO GONÇALVES,PL,#NULO,ELEITO POR MÉDIA
1,RN,DEPUTADO FEDERAL,GENERAL GIRÃO,PL,#NULO,ELEITO POR MÉDIA
1,RN,DEPUTADO FEDERAL,MINEIRO,PT,PT/PC do B/PV,ELEITO POR MÉDIA
1,RN,DEPUTADO FEDERAL,BENES LEOCÁDIO,UNIÃO,#NULO,ELEITO POR QP
1,RN,DEPUTADO FEDERAL,ROBINSON FARIA,PL,#NULO,ELEITO POR MÉDIA
1,RN,DEPUTADO FEDERAL,JOÃO MAIA,PL,#NULO,ELEITO POR QP
1,RN,DEPUTADO FEDERAL,NATÁLIA BONAVIDES,PT,PT/PC do B/PV,ELEITO POR QP
1,RN,DEPUTADO FEDERAL,PAULINHO FREIRE,UNIÃO,#NULO,ELEITO POR MÉDIA
1,RJ,DEPUTADO FEDERAL,DELEGADO RAMAGEM,PL,#NULO,ELEITO POR MÉDIA
1,RJ,DEPUTADO FEDERAL,HELIO FERNANDO BARBOSA LOPES,PL,#NULO,ELEITO POR QP
1,RJ,DEPUTADO FEDERAL,LINDBERGH FARIAS,PT,PT/PC do B/PV,ELEITO POR QP
1,RJ,DEPUTADO FEDERAL,CHIQUINHO BRAZÃO,UNIÃO,#NULO,ELEITO POR QP
1,RJ,DEPUTADO FEDERAL,DANIELA DO WAGUINHO,UNIÃO,#NULO,ELEITO POR QP
1,RJ,DEPUTADO FEDERAL,GENERAL  PAZUELLO,PL,#NULO,ELEITO POR QP
1,RJ,DEPUTADO FEDERAL,BEBETO,PTB,#NULO,ELEITO POR MÉDIA
1,RJ,DEPUTADO FEDERAL,MARCOS TAVARES,PDT,#NULO,ELEITO POR QP
1,RJ,DEPUTADO FEDERAL,TARCÍSIO MOTTA,PSOL,PSOL/REDE,ELEITO POR QP
1,RJ,DEPUTADO FEDERAL,REIMONT,PT,PT/PC do B/PV,ELEITO POR MÉDIA
1,RJ,DEPUTADO FEDERAL,ALTINEU CORTES,PL,#NULO,ELEITO POR QP
1,RJ,DEPUTADO FEDERAL,LUCIANO VIEIRA,PL,#NULO,ELEITO POR QP
1,RJ,DEPUTADO FEDERAL,SÓSTENES CAVALCANTE,PL,#NULO,ELEITO POR QP
1,RJ,DEPUTADO FEDERAL,CARLOS JORDY,PL,#NULO,ELEITO POR QP
1,RJ,DEPUTADO FEDERAL,LUIZ LIMA,PL,#NULO,ELEITO POR QP
1,RJ,DEPUTADO FEDERAL,OTONI DE PAULA,MDB,#NULO,ELEITO POR QP
1,RJ,DEPUTADO FEDERAL,DOUTOR LUIZINHO,PP,#NULO,ELEITO POR QP
1,RJ,DEPUTADO FEDERAL,GLAUBER,PSOL,PSOL/REDE,ELEITO POR MÉDIA
1,RJ,DEPUTADO FEDERAL,ROSANGELA GOMES,REPUBLICANOS,#NULO,ELEITO POR QP
1,RJ,DEPUTADO FEDERAL,PEDRO PAULO,PSD,#NULO,ELEITO POR QP
1,RJ,DEPUTADO FEDERAL,ROBERTO MONTEIRO PAI,PL,#NULO,ELEITO POR QP
1,RJ,DEPUTADO FEDERAL,CHRIS TONIETTO,PL,#NULO,ELEITO POR MÉDIA
1,RJ,DEPUTADO FEDERAL,JULIO LOPES,PP,#NULO,ELEITO POR QP
1,RJ,DEPUTADO FEDERAL,TALIRIA PETRONE,PSOL,PSOL/REDE,ELEITO POR QP
1,RJ,DEPUTADO FEDERAL,WASHINGTON QUAQUÁ,PT,PT/PC do B/PV,ELEITO POR QP
1,RJ,DEPUTADO FEDERAL,MURILLO GOUVEA,UNIÃO,#NULO,ELEITO POR QP
1,RJ,DEPUTADO FEDERAL,CHICO ALENCAR,PSOL,PSOL/REDE,ELEITO POR QP
1,RJ,DEPUTADO FEDERAL,BENEDITA DA SILVA,PT,PT/PC do B/PV,ELEITO POR QP
1,RJ,DEPUTADO FEDERAL,JUNINHO DO PNEU,UNIÃO,#NULO,ELEITO POR QP
1,RJ,DEPUTADO FEDERAL,MARCOS RR SOARES,UNIÃO,#NULO,ELEITO POR MÉDIA
1,RJ,DEPUTADO FEDERAL,AUREO RIBEIRO,SOLIDARIEDADE,#NULO,ELEITO POR QP
1,RJ,DEPUTADO FEDERAL,JORGE BRAZ,REPUBLICANOS,#NULO,ELEITO POR MÉDIA
1,RJ,DEPUTADO FEDERAL,HUGO LEAL,PSD,#NULO,ELEITO POR QP
1,RJ,DEPUTADO FEDERAL,DANIEL SORANZ,PSD,#NULO,ELEITO POR QP
1,RJ,DEPUTADO FEDERAL,SORAYA SANTOS,PL,#NULO,ELEITO POR QP
1,RJ,DEPUTADO FEDERAL,MARCELO QUEIROZ,PP,#NULO,ELEITO POR QP
1,RJ,DEPUTADO FEDERAL,PASTOR HENRIQUE VIEIRA,PSOL,PSOL/REDE,ELEITO POR MÉDIA
1,RJ,DEPUTADO FEDERAL,JANDIRA FEGHALI,PC do B,PT/PC do B/PV,ELEITO POR QP
1,RJ,DEPUTADO FEDERAL,MARCELO CRIVELLA,REPUBLICANOS,#NULO,ELEITO POR QP
1,RJ,DEPUTADO FEDERAL,SARGENTO PORTUGAL,PODE,#NULO,ELEITO POR QP
1,RJ,DEPUTADO FEDERAL,DIMAS GADELHA,PT,PT/PC do B/PV,ELEITO POR MÉDIA
1,RJ,DEPUTADO FEDERAL,DANI CUNHA,UNIÃO,#NULO,ELEITO POR QP
1,RJ,DEPUTADO FEDERAL,GUTEMBERG REIS,MDB,#NULO,ELEITO POR QP
1,RJ,DEPUTADO FEDERAL,BANDEIRA DE MELLO,PSB,#NULO,ELEITO POR QP
1,RJ,DEPUTADO FEDERAL,MAX,PROS,#NULO,ELEITO POR QP
1,RJ,DEPUTADO FEDERAL,LAURA CARNEIRO,PSD,#NULO,ELEITO POR MÉDIA
1,PE,DEPUTADO FEDERAL,LULA DA FONTE,PP,#NULO,ELEITO POR MÉDIA
1,PE,DEPUTADO FEDERAL,WALDEMAR OLIVEIRA,AVANTE,#NULO,ELEITO POR QP
1,PE,DEPUTADO FEDERAL,RENILDO CALHEIROS,PC do B,PT/PC do B/PV,ELEITO POR MÉDIA
1,PE,DEPUTADO FEDERAL,FERNANDO RODOLFO,PL,#NULO,ELEITO POR MÉDIA
1,PE,DEPUTADO FEDERAL,MENDONÇA FILHO,UNIÃO,#NULO,ELEITO POR QP
1,PE,DEPUTADO FEDERAL,AUGUSTO COUTINHO,REPUBLICANOS,#NULO,ELEITO POR QP
1,PE,DEPUTADO FEDERAL,CLARISSA TÉRCIO,PP,#NULO,ELEITO POR QP
1,PE,DEPUTADO FEDERAL,CORONEL MEIRA,PL,#NULO,ELEITO POR QP
1,PE,DEPUTADO FEDERAL,EDUARDO DA FONTE,PP,#NULO,ELEITO POR QP
1,PE,DEPUTADO FEDERAL,LUCAS RAMOS,PSB,#NULO,ELEITO POR QP
1,PE,DEPUTADO FEDERAL,GUILHERME UCHOA JUNIOR,PSB,#NULO,ELEITO POR MÉDIA
1,PE,DEPUTADO FEDERAL,IZA ARRUDA,MDB,#NULO,ELEITO POR QP
1,PE,DEPUTADO FEDERAL,TÚLIO GADELHA,REDE,PSOL/REDE,ELEITO POR QP
1,PE,DEPUTADO FEDERAL,SILVIO COSTA FILHO,REPUBLICANOS,#NULO,ELEITO POR QP
1,PE,DEPUTADO FEDERAL,FELIPE  CARRERAS,PSB,#NULO,ELEITO POR MÉDIA
1,PE,DEPUTADO FEDERAL,ERIBERTO MEDEIROS,PSB,#NULO,ELEITO POR QP
1,PE,DEPUTADO FEDERAL,PEDRO CAMPOS,PSB,#NULO,ELEITO POR QP
1,PE,DEPUTADO FEDERAL,CLODOALDO MAGALHÃES,PV,PT/PC do B/PV,ELEITO POR QP
1,PE,DEPUTADO FEDERAL,LUCIANO BIVAR,UNIÃO,#NULO,ELEITO POR MÉDIA
1,PE,DEPUTADO FEDERAL,FERNANDO FILHO,UNIÃO,#NULO,ELEITO POR QP
1,PE,DEPUTADO FEDERAL,PASTOR EURICO,PL,#NULO,ELEITO POR QP
1,PE,DEPUTADO FEDERAL,ANDRÉ FERREIRA,PL,#NULO,ELEITO POR QP
1,PE,DEPUTADO FEDERAL,MARIA ARRAES,SOLIDARIEDADE,#NULO,ELEITO POR MÉDIA
1,PE,DEPUTADO FEDERAL,CARLOS VERAS,PT,PT/PC do B/PV,ELEITO POR QP
1,PE,DEPUTADO FEDERAL,FERNANDO MONTEIRO,PP,#NULO,ELEITO POR QP
1,PB,DEPUTADO FEDERAL,CABO GILBERTO SILVA,PL,#NULO,ELEITO POR QP
1,PB,DEPUTADO FEDERAL,WILSON SANTIAGO,REPUBLICANOS,#NULO,ELEITO POR MÉDIA
1,PB,DEPUTADO FEDERAL,LUIZ COUTO,PT,PT/PC do B/PV,ELEITO POR QP
1,PB,DEPUTADO FEDERAL,AGUINALDO RIBEIRO,PP,#NULO,ELEITO POR QP
1,PB,DEPUTADO FEDERAL,DR. DAMIÃO,UNIÃO,#NULO,ELEITO POR QP
1,PB,DEPUTADO FEDERAL,ROMERO RODRIGUES,PSC,#NULO,ELEITO POR QP
1,PB,DEPUTADO FEDERAL,MURILO GALDINO,REPUBLICANOS,#NULO,ELEITO POR QP
1,PB,DEPUTADO FEDERAL,GERVASIO MAIA,PSB,#NULO,ELEITO POR QP
1,PB,DEPUTADO FEDERAL,WELLINGTON ROBERTO,PL,#NULO,ELEITO POR MÉDIA
1,PB,DEPUTADO FEDERAL,MERSINHO LUCENA,PP,#NULO,ELEITO POR MÉDIA
1,PB,DEPUTADO FEDERAL,HUGO MOTTA,REPUBLICANOS,#NULO,ELEITO POR QP
1,PB,DEPUTADO FEDERAL,RUY CARNEIRO,PSC,#NULO,ELEITO POR MÉDIA
1,MA,DEPUTADO FEDERAL,DETINHA,PL,#NULO,ELEITO POR QP
1,MA,DEPUTADO FEDERAL,JÚNIOR LOURENÇO,PL,#NULO,ELEITO POR QP
1,MA,DEPUTADO FEDERAL,MARCIO JERRY,PC do B,PT/PC do B/PV,ELEITO POR QP
1,MA,DEPUTADO FEDERAL,ALUISIO MENDES,PSC,#NULO,ELEITO POR QP
1,MA,DEPUTADO FEDERAL,JOSIMAR MARANHÃOZINHO,PL,#NULO,ELEITO POR QP
1,MA,DEPUTADO FEDERAL,MARRECA FILHO,PATRIOTA,#NULO,ELEITO POR QP
1,MA,DEPUTADO FEDERAL,RUBENS PEREIRA JR,PT,PT/PC do B/PV,ELEITO POR MÉDIA
1,MA,DEPUTADO FEDERAL,PEDRO LUCAS FERNANDES,UNIÃO,#NULO,ELEITO POR QP
1,MA,DEPUTADO FEDERAL,JOSIVALDO JP,PSD,#NULO,ELEITO POR QP
1,MA,DEPUTADO FEDERAL,FÁBIO MACEDO,PODE,#NULO,ELEITO POR QP
1,MA,DEPUTADO FEDERAL,JUSCELINO FILHO,UNIÃO,#NULO,ELEITO POR MÉDIA
1,MA,DEPUTADO FEDERAL,AMANDA GENTIL ,PP,#NULO,ELEITO POR MÉDIA
1,MA,DEPUTADO FEDERAL,PASTOR  GIL,PL,#NULO,ELEITO POR MÉDIA
1,MA,DEPUTADO FEDERAL,DUARTE,PSB,#NULO,ELEITO POR QP
1,MA,DEPUTADO FEDERAL,ROSEANA SARNEY,MDB,#NULO,ELEITO POR QP
1,MA,DEPUTADO FEDERAL,ANDRÉ FUFUCA,PP,#NULO,ELEITO POR QP
1,MA,DEPUTADO FEDERAL,MÁRCIO HONAISER,PDT,#NULO,ELEITO POR MÉDIA
1,MA,DEPUTADO FEDERAL,CLEBER VERDE,REPUBLICANOS,#NULO,ELEITO POR MÉDIA
1,MG,DEPUTADO FEDERAL,DELEGADO MARCELO FREITAS,UNIÃO,#NULO,ELEITO POR QP
1,MG,DEPUTADO FEDERAL,EROS BIONDINI,PL,#NULO,ELEITO POR QP
1,MG,DEPUTADO FEDERAL,MISAEL VARELLA,PSD,#NULO,ELEITO POR QP
1,MG,DEPUTADO FEDERAL,STEFANO AGUIAR,PSD,#NULO,ELEITO POR QP
1,MG,DEPUTADO FEDERAL,PINHEIRINHO,PP,#NULO,ELEITO POR QP
1,MG,DEPUTADO FEDERAL,ANA PAULA JUNQUEIRA LEAO,PP,#NULO,ELEITO POR QP
1,MG,DEPUTADO FEDERAL,AÉCIO NEVES,PSDB,PSDB/CIDADANIA,ELEITO POR MÉDIA
1,MG,DEPUTADO FEDERAL,ODAIR CUNHA,PT,PT/PC do B/PV,ELEITO POR QP
1,MG,DEPUTADO FEDERAL,PADRE JOÃO,PT,PT/PC do B/PV,ELEITO POR QP
1,MG,DEPUTADO FEDERAL,DANDARA,PT,PT/PC do B/PV,ELEITO POR QP
1,MG,DEPUTADO FEDERAL,RAFAEL SIMOES,UNIÃO,#NULO,ELEITO POR QP
1,MG,DEPUTADO FEDERAL,ZÉ VITOR,PL,#NULO,ELEITO POR QP
1,MG,DEPUTADO FEDERAL,FRED COSTA,PATRIOTA,#NULO,ELEITO POR QP
1,MG,DEPUTADO FEDERAL,ANDRÉ JANONES,AVANTE,#NULO,ELEITO POR QP
1,MG,DEPUTADO FEDERAL,DR MÁRIO HERINGER,PDT,#NULO,ELEITO POR QP
1,MG,DEPUTADO FEDERAL,CÉLIA XAKRIABÁ,PSOL,PSOL/REDE,ELEITO POR QP
1,MG,DEPUTADO FEDERAL,DIEGO ANDRADE,PSD,#NULO,ELEITO POR QP
1,MG,DEPUTADO FEDERAL,LUIZ FERNANDO,PSD,#NULO,ELEITO POR MÉDIA
1,MG,DEPUTADO FEDERAL,ZÉ SILVA,SOLIDARIEDADE,#NULO,ELEITO POR MÉDIA
1,MG,DEPUTADO FEDERAL,ROGÉRIO CORREIA,PT,PT/PC do B/PV,ELEITO POR QP
1,MG,DEPUTADO FEDERAL,REGINALDO LOPES,PT,PT/PC do B/PV,ELEITO POR QP
1,MG,DEPUTADO FEDERAL,HERCILIO COELHO DINIZ,MDB,#NULO,ELEITO POR QP
1,MG,DEPUTADO FEDERAL,DOMINGOS SÁVIO,PL,#NULO,ELEITO POR QP
1,MG,DEPUTADO FEDERAL,SAMUEL VIANA,PL,#NULO,ELEITO POR QP
1,MG,DEPUTADO FEDERAL,DELEGADA IONE BARBOSA,AVANTE,#NULO,ELEITO POR MÉDIA
1,MG,DEPUTADO FEDERAL,GREYCE ELIAS,AVANTE,#NULO,ELEITO POR QP
1,MG,DEPUTADO FEDERAL,DUDA SALABERT,PDT,#NULO,ELEITO POR QP
1,MG,DEPUTADO FEDERAL,PAULO GUEDES,PT,PT/PC do B/PV,ELEITO POR QP
1,MG,DEPUTADO FEDERAL,WELITON PRADO,PROS,#NULO,ELEITO POR MÉDIA
1,MG,DEPUTADO FEDERAL,LINCOLN PORTELA,PL,#NULO,ELEITO POR QP
1,MG,DEPUTADO FEDERAL,LAFAYETTE ANDRADA,REPUBLICANOS,#NULO,ELEITO POR MÉDIA
1,MG,DEPUTADO FEDERAL,DR. FREDERICO,PATRIOTA,#NULO,ELEITO POR MÉDIA
1,MG,DEPUTADO FEDERAL,ANA PIMENTEL,PT,PT/PC do B/PV,ELEITO POR MÉDIA
1,MG,DEPUTADO FEDERAL,LEONARDO MONTEIRO,PT,PT/PC do B/PV,ELEITO POR MÉDIA
1,MG,DEPUTADO FEDERAL,NEWTON CARDOSO JR,MDB,#NULO,ELEITO POR MÉDIA
1,MG,DEPUTADO FEDERAL,RODRIGO DE CASTRO,UNIÃO,#NULO,ELEITO POR QP
1,MG,DEPUTADO FEDERAL,PAULO ABI-ACKEL,PSDB,PSDB/CIDADANIA,ELEITO POR QP
1,MG,DEPUTADO FEDERAL,MIGUEL ÂNGELO,PT,PT/PC do B/PV,ELEITO POR QP
1,MG,DEPUTADO FEDERAL,MAURICIO DO VOLEI,PL,#NULO,ELEITO POR QP
1,MG,DEPUTADO FEDERAL,MARCELO ÁLVARO ANTÔNIO,PL,#NULO,ELEITO POR QP
1,MG,DEPUTADO FEDERAL,GILBERTO ABRAMO,REPUBLICANOS,#NULO,ELEITO POR QP
1,MG,DEPUTADO FEDERAL,BRUNO FARIAS,AVANTE,#NULO,ELEITO POR QP
1,MG,DEPUTADO FEDERAL,LUIS TIBÉ,AVANTE,#NULO,ELEITO POR QP
1,MG,DEPUTADO FEDERAL,DIMAS FABIANO,PP,#NULO,ELEITO POR QP
1,MG,DEPUTADO FEDERAL,JUNIO AMARAL,PL,#NULO,ELEITO POR QP
1,MG,DEPUTADO FEDERAL,ROSÂNGELA REIS,PL,#NULO,ELEITO POR QP
1,MG,DEPUTADO FEDERAL,NIKOLAS FERREIRA,PL,#NULO,ELEITO POR QP
1,MG,DEPUTADO FEDERAL,EMIDINHO MADEIRA,PL,#NULO,ELEITO POR QP
1,MG,DEPUTADO FEDERAL,PEDRO AIHARA,PATRIOTA,#NULO,ELEITO POR QP
1,MG,DEPUTADO FEDERAL,EUCLYDES PETTERSEN,PSC,#NULO,ELEITO POR QP
1,MG,DEPUTADO FEDERAL,PATRUS ANANIAS,PT,PT/PC do B/PV,ELEITO POR QP
1,MG,DEPUTADO FEDERAL,IGOR TIMO,PODE,#NULO,ELEITO POR QP
1,MG,DEPUTADO FEDERAL,NELY AQUINO,PODE,#NULO,ELEITO POR MÉDIA
1,MT,DEPUTADO FEDERAL,EMANUELZINHO,MDB,#NULO,ELEITO POR MÉDIA
1,MT,DEPUTADO FEDERAL,JUAREZ COSTA,MDB,#NULO,ELEITO POR QP
1,MT,DEPUTADO FEDERAL,FÁBIO GARCIA,UNIÃO,#NULO,ELEITO POR QP
1,MT,DEPUTADO FEDERAL,JOSÉ MEDEIROS,PL,#NULO,ELEITO POR MÉDIA
1,MT,DEPUTADO FEDERAL,ABÍLIO,PL,#NULO,ELEITO POR QP
1,MT,DEPUTADO FEDERAL,AMÁLIA BARROS,PL,#NULO,ELEITO POR MÉDIA
1,MT,DEPUTADO FEDERAL,CORONEL FERNANDA,PL,#NULO,ELEITO POR MÉDIA
1,MT,DEPUTADO FEDERAL,CORONEL ASSIS,UNIÃO,#NULO,ELEITO POR MÉDIA
1,PA,DEPUTADO FEDERAL,JÚNIOR FERRARI,PSD,#NULO,ELEITO POR QP
1,PA,DEPUTADO FEDERAL,DRA ALESSANDRA HABER,MDB,#NULO,ELEITO POR QP
1,PA,DEPUTADO FEDERAL,DELEGADO EDER MAURO,PL,#NULO,ELEITO POR QP
1,PA,DEPUTADO FEDERAL,ANTONIO DOIDO,MDB,#NULO,ELEITO POR QP
1,PA,DEPUTADO FEDERAL,KENISTON,MDB,#NULO,ELEITO POR MÉDIA
1,PA,DEPUTADO FEDERAL,HENDERSON PINTO,MDB,#NULO,ELEITO POR MÉDIA
1,PA,DEPUTADO FEDERAL,ANDREIA SIQUEIRA,MDB,#NULO,ELEITO POR MÉDIA
1,PA,DEPUTADO FEDERAL,PRIANTE,MDB,#NULO,ELEITO POR QP
1,PA,DEPUTADO FEDERAL,RAIMUNDO SANTOS,PSD,#NULO,ELEITO POR MÉDIA
1,PA,DEPUTADO FEDERAL,ELCIONE,MDB,#NULO,ELEITO POR QP
1,PA,DEPUTADO FEDERAL,DILVANDA FARO,PT,PT/PC do B/PV,ELEITO POR QP
1,PA,DEPUTADO FEDERAL,AIRTON FALEIRO,PT,PT/PC do B/PV,ELEITO POR MÉDIA
1,PA,DEPUTADO FEDERAL,CELSO SABINO,UNIÃO,#NULO,ELEITO POR QP
1,PA,DEPUTADO FEDERAL,DELEGADO CAVEIRA,PL,#NULO,ELEITO POR MÉDIA
1,PA,DEPUTADO FEDERAL,OLIVAL MARQUES,MDB,#NULO,ELEITO POR MÉDIA
1,PA,DEPUTADO FEDERAL,RENILCE NICODEMOS,MDB,#NULO,ELEITO POR QP
1,PA,DEPUTADO FEDERAL,JOAQUIM PASSARINHO,PL,#NULO,ELEITO POR QP
1,MS,DEPUTADO FEDERAL,VANDER LOUBET,PT,PT/PC do B/PV,ELEITO POR QP
1,MS,DEPUTADO FEDERAL,DR. LUIZ OVANDO,PP,#NULO,ELEITO POR MÉDIA
1,MS,DEPUTADO FEDERAL,MARCOS POLLON,PL,#NULO,ELEITO POR QP
1,MS,DEPUTADO FEDERAL,DAGOBERTO,PSDB,PSDB/CIDADANIA,ELEITO POR MÉDIA
1,MS,DEPUTADO FEDERAL,RODOLFO NOGUEIRA,PL,#NULO,ELEITO POR MÉDIA
1,MS,DEPUTADO FEDERAL,CAMILA JARA,PT,PT/PC do B/PV,ELEITO POR MÉDIA
1,MS,DEPUTADO FEDERAL,BETO PEREIRA,PSDB,PSDB/CIDADANIA,ELEITO POR QP
1,MS,DEPUTADO FEDERAL,DR. GERALDO RESENDE,PSDB,PSDB/CIDADANIA,ELEITO POR MÉDIA
1,ES,DEPUTADO FEDERAL,MESSIAS DONATO,REPUBLICANOS,#NULO,ELEITO POR MÉDIA
1,ES,DEPUTADO FEDERAL,EVAIR DE MELO,PP,#NULO,ELEITO POR QP
1,ES,DEPUTADO FEDERAL,HELDER SALOMÃO,PT,PT/PC do B/PV,ELEITO POR QP
1,ES,DEPUTADO FEDERAL,GILVAN O FEDERAL DA DIREITA,PL,#NULO,ELEITO POR QP
1,ES,DEPUTADO FEDERAL,DR. VICTOR,PODE,#NULO,ELEITO POR MÉDIA
1,ES,DEPUTADO FEDERAL,PAULO FOLETTO,PSB,#NULO,ELEITO POR MÉDIA
1,ES,DEPUTADO FEDERAL,GILSON DANIEL,PODE,#NULO,ELEITO POR MÉDIA
1,ES,DEPUTADO FEDERAL,DA VITÓRIA,PP,#NULO,ELEITO POR MÉDIA
1,ES,DEPUTADO FEDERAL,JACK ROCHA,PT,PT/PC do B/PV,ELEITO POR MÉDIA
1,ES,DEPUTADO FEDERAL,AMARO NETO,REPUBLICANOS,#NULO,ELEITO POR MÉDIA
1,DF,DEPUTADO FEDERAL,RODRIGO ROLLEMBERG,PSB,#NULO,ELEITO POR MÉDIA
1,DF,DEPUTADO FEDERAL,JULIO CESAR,REPUBLICANOS,#NULO,ELEITO POR MÉDIA
1,DF,DEPUTADO FEDERAL,ERIKA KOKAY,PT,PT/PC do B/PV,ELEITO POR QP
1,DF,DEPUTADO FEDERAL,RAFAEL PRUDENTE,MDB,#NULO,ELEITO POR MÉDIA
1,DF,DEPUTADO FEDERAL,FRED LINHARES,REPUBLICANOS,#NULO,ELEITO POR QP
1,DF,DEPUTADO FEDERAL,BIA KICIS,PL,#NULO,ELEITO POR QP
1,DF,DEPUTADO FEDERAL,FRAGA,PL,#NULO,ELEITO POR MÉDIA
1,DF,DEPUTADO FEDERAL,PROFESSOR REGINALDO VERAS,PV,PT/PC do B/PV,ELEITO POR MÉDIA
1,BA,DEPUTADO FEDERAL,PAULO AZI,UNIÃO,#NULO,ELEITO POR QP
1,BA,DEPUTADO FEDERAL,ADOLFO VIANA,PSDB,PSDB/CIDADANIA,ELEITO POR QP
1,BA,DEPUTADO FEDERAL,ALICE PORTUGAL,PC do B,PT/PC do B/PV,ELEITO POR QP
1,BA,DEPUTADO FEDERAL,LÉO PRATES,PDT,#NULO,ELEITO POR QP
1,BA,DEPUTADO FEDERAL,DANIEL,PC do B,PT/PC do B/PV,ELEITO POR QP
1,BA,DEPUTADO FEDERAL,LÍDICE DA MATA,PSB,#NULO,ELEITO POR MÉDIA
1,BA,DEPUTADO FEDERAL,RICARDO MAIA,MDB,#NULO,ELEITO POR QP
1,BA,DEPUTADO FEDERAL,ELMAR NASCIMENTO,UNIÃO,#NULO,ELEITO POR QP
1,BA,DEPUTADO FEDERAL,SÉRGIO BRITO,PSD,#NULO,ELEITO POR QP
1,BA,DEPUTADO FEDERAL,ANTONIO BRITO,PSD,#NULO,ELEITO POR QP
1,BA,DEPUTADO FEDERAL,MÁRIO NEGROMONTE JR,PP,#NULO,ELEITO POR QP
1,BA,DEPUTADO FEDERAL,VALMIR ASSUNÇÃO,PT,PT/PC do B/PV,ELEITO POR MÉDIA
1,BA,DEPUTADO FEDERAL,NETO CARLETTO,PP,#NULO,ELEITO POR QP
1,BA,DEPUTADO FEDERAL,JOÃO CARLOS BACELAR,PL,#NULO,ELEITO POR QP
1,BA,DEPUTADO FEDERAL,FELIX  MENDONÇA,PDT,#NULO,ELEITO POR MÉDIA
1,BA,DEPUTADO FEDERAL,PASTOR SARGENTO ISIDÓRIO,AVANTE,#NULO,ELEITO POR QP
1,BA,DEPUTADO FEDERAL,ARTHUR MAIA,UNIÃO,#NULO,ELEITO POR QP
1,BA,DEPUTADO FEDERAL,PAULO MAGALHÃES,PSD,#NULO,ELEITO POR MÉDIA
1,BA,DEPUTADO FEDERAL,GABRIEL NUNES,PSD,#NULO,ELEITO POR QP
1,BA,DEPUTADO FEDERAL,ROBERTA ROMA,PL,#NULO,ELEITO POR QP
1,BA,DEPUTADO FEDERAL,AFONSO FLORENCE,PT,PT/PC do B/PV,ELEITO POR QP
1,BA,DEPUTADO FEDERAL,IVONEIDE CAETANO,PT,PT/PC do B/PV,ELEITO POR QP
1,BA,DEPUTADO FEDERAL,LEUR LOMANTO JR,UNIÃO,#NULO,ELEITO POR QP
1,BA,DEPUTADO FEDERAL,OTTO FILHO,PSD,#NULO,ELEITO POR QP
1,BA,DEPUTADO FEDERAL,ALEX SANTANA,REPUBLICANOS,#NULO,ELEITO POR QP
1,BA,DEPUTADO FEDERAL,ROGERIA SANTOS,REPUBLICANOS,#NULO,ELEITO POR MÉDIA
1,BA,DEPUTADO FEDERAL,MARCIO MARINHO,REPUBLICANOS,#NULO,ELEITO POR QP
1,BA,DEPUTADO FEDERAL,JOÃO LEÃO,PP,#NULO,ELEITO POR MÉDIA
1,BA,DEPUTADO FEDERAL,CLAUDIO CAJADO,PP,#NULO,ELEITO POR QP
1,BA,DEPUTADO FEDERAL,BACELAR,PV,PT/PC do B/PV,ELEITO POR QP
1,BA,DEPUTADO FEDERAL,WALDENOR PEREIRA,PT,PT/PC do B/PV,ELEITO POR QP
1,BA,DEPUTADO FEDERAL,JOSEILDO RAMOS,PT,PT/PC do B/PV,ELEITO POR MÉDIA
1,BA,DEPUTADO FEDERAL,DEPUTADO DAL,UNIÃO,#NULO,ELEITO POR QP
1,BA,DEPUTADO FEDERAL,CAPITÃO ALDEN,PL,#NULO,ELEITO POR QP
1,BA,DEPUTADO FEDERAL,ZÉ NETO,PT,PT/PC do B/PV,ELEITO POR QP
1,BA,DEPUTADO FEDERAL,JOSÉ ROCHA,UNIÃO,#NULO,ELEITO POR MÉDIA
1,BA,DEPUTADO FEDERAL,DIEGO CORONEL,PSD,#NULO,ELEITO POR QP
1,BA,DEPUTADO FEDERAL,RAIMUNDO COSTA,PODE,#NULO,ELEITO POR MÉDIA
1,BA,DEPUTADO FEDERAL,JORGE SOLLA,PT,PT/PC do B/PV,ELEITO POR QP
1,GO,DEPUTADO FEDERAL,JOSÉ NELTO,PP,#NULO,ELEITO POR QP
1,GO,DEPUTADO FEDERAL,DR ISMAEL ALEXANDRINO ,PSD,#NULO,ELEITO POR MÉDIA
1,GO,DEPUTADO FEDERAL,PROFESSOR ALCIDES,PL,#NULO,ELEITO POR QP
1,GO,DEPUTADO FEDERAL,JEFERSON RODRIGUES,REPUBLICANOS,#NULO,ELEITO POR QP
1,GO,DEPUTADO FEDERAL,DR ZACHARIAS CALIL,UNIÃO,#NULO,ELEITO POR MÉDIA
1,GO,DEPUTADO FEDERAL,MAGDA MOFATTO,PL,#NULO,ELEITO POR MÉDIA
1,GO,DEPUTADO FEDERAL,ADRIANO DO BALDY,PP,#NULO,ELEITO POR MÉDIA
1,GO,DEPUTADO FEDERAL,GLAUSTIN DA FOKUS,PSC,#NULO,ELEITO POR MÉDIA
1,GO,DEPUTADO FEDERAL,LÊDA BORGES,PSDB,PSDB/CIDADANIA,ELEITO POR MÉDIA
1,GO,DEPUTADO FEDERAL,MARUSSA BOLDRIN,MDB,#NULO,ELEITO POR MÉDIA
1,GO,DEPUTADO FEDERAL,CÉLIO SILVEIRA,MDB,#NULO,ELEITO POR QP
1,GO,DEPUTADO FEDERAL,DELEGADA ADRIANA ACCORSI,PT,PT/PC do B/PV,ELEITO POR QP
1,GO,DEPUTADO FEDERAL,DANIEL AGROBOM,PL,#NULO,ELEITO POR MÉDIA
1,GO,DEPUTADO FEDERAL,GUSTAVO GAYER,PL,#NULO,ELEITO POR QP
1,GO,DEPUTADO FEDERAL,RUBENS OTONI,PT,PT/PC do B/PV,ELEITO POR MÉDIA
1,GO,DEPUTADO FEDERAL,FLAVIA MORAIS,PDT,#NULO,ELEITO POR MÉDIA
1,GO,DEPUTADO FEDERAL,SILVYE ALVES,UNIÃO,#NULO,ELEITO POR QP
1,AP,DEPUTADO FEDERAL,DORINALDO MALAFAIA,PDT,#NULO,ELEITO POR MÉDIA
1,AP,DEPUTADO FEDERAL,PROFESSORA MARCIVANIA,PC do B,PT/PC do B/PV,ELEITO POR MÉDIA
1,AP,DEPUTADO FEDERAL,ANDRÉ ABDON,PP,#NULO,ELEITO POR MÉDIA
1,AP,DEPUTADO FEDERAL,ALINE GURGEL,REPUBLICANOS,#NULO,ELEITO POR MÉDIA
1,AP,DEPUTADO FEDERAL,VINICIUS GURGEL,PL,#NULO,ELEITO POR MÉDIA
1,AP,DEPUTADO FEDERAL,ACÁCIO FAVACHO,MDB,#NULO,ELEITO POR MÉDIA
1,AP,DEPUTADO FEDERAL,PAULO LEMOS,PSOL,PSOL/REDE,ELEITO POR MÉDIA
1,AP,DEPUTADO FEDERAL,JOSENILDO,PDT,#NULO,ELEITO POR QP
1,CE,DEPUTADO FEDERAL,ANDRÉ FIGUEIREDO,PDT,#NULO,ELEITO POR QP
1,CE,DEPUTADO FEDERAL,DANILO FORTE,UNIÃO,#NULO,ELEITO POR MÉDIA
1,CE,DEPUTADO FEDERAL,AJ ALBUQUERQUE,PP,#NULO,ELEITO POR MÉDIA
1,CE,DEPUTADO FEDERAL,EDUARDO BISMARCK,PDT,#NULO,ELEITO POR MÉDIA
1,CE,DEPUTADO FEDERAL,ROBÉRIO MONTEIRO,PDT,#NULO,ELEITO POR QP
1,CE,DEPUTADO FEDERAL,MOSES RODRIGUES,UNIÃO,#NULO,ELEITO POR QP
1,CE,DEPUTADO FEDERAL,EUNÍCIO,MDB,#NULO,ELEITO POR QP
1,CE,DEPUTADO FEDERAL,LUIZ GASTÃO,PSD,#NULO,ELEITO POR MÉDIA
1,CE,DEPUTADO FEDERAL,YURY DO PAREDÃO,PL,#NULO,ELEITO POR QP
1,CE,DEPUTADO FEDERAL,PRISCILA COSTA,PL,#NULO,ELEITO POR MÉDIA
1,CE,DEPUTADO FEDERAL,ANDRÉ FERNANDES,PL,#NULO,ELEITO POR QP
1,CE,DEPUTADO FEDERAL,LUIZIANNE LINS,PT,PT/PC do B/PV,ELEITO POR QP
1,CE,DEPUTADO FEDERAL,FERNANDA PESSOA,UNIÃO,#NULO,ELEITO POR QP
1,CE,DEPUTADO FEDERAL,DR JAZIEL,PL,#NULO,ELEITO POR MÉDIA
1,CE,DEPUTADO FEDERAL,MATHEUS NORONHA,PL,#NULO,ELEITO POR QP
1,CE,DEPUTADO FEDERAL,GUIMARÃES DO PT,PT,PT/PC do B/PV,ELEITO POR QP
1,CE,DEPUTADO FEDERAL,JOSE AIRTON,PT,PT/PC do B/PV,ELEITO POR MÉDIA
1,CE,DEPUTADO FEDERAL,CÉLIO STUDART,PSD,#NULO,ELEITO POR QP
1,CE,DEPUTADO FEDERAL,JÚNIOR MANO,PL,#NULO,ELEITO POR QP
1,CE,DEPUTADO FEDERAL,MAURO FILHO,PDT,#NULO,ELEITO POR QP
1,CE,DEPUTADO FEDERAL,IDILVAN,PDT,#NULO,ELEITO POR QP
1,CE,DEPUTADO FEDERAL,DOMINGOS NETO,PSD,#NULO,ELEITO POR QP
1,AM,DEPUTADO FEDERAL,AMOM MANDEL,CIDADANIA,PSDB/CIDADANIA,ELEITO POR QP
1,AM,DEPUTADO FEDERAL,SIDNEY LEITE,PSD,#NULO,ELEITO POR MÉDIA
1,AM,DEPUTADO FEDERAL,FAUSTO SANTOS JR,UNIÃO,#NULO,ELEITO POR MÉDIA
1,AM,DEPUTADO FEDERAL,ADAIL FILHO,REPUBLICANOS,#NULO,ELEITO POR MÉDIA
1,AM,DEPUTADO FEDERAL,CAPITÃO ALBERTO NETO,PL,#NULO,ELEITO POR MÉDIA
1,AM,DEPUTADO FEDERAL,SAULLO VIANNA,UNIÃO,#NULO,ELEITO POR QP
1,AM,DEPUTADO FEDERAL,SILAS CÂMARA,REPUBLICANOS,#NULO,ELEITO POR QP
1,AM,DEPUTADO FEDERAL,ATILA LINS,PSD,#NULO,ELEITO POR QP
1,AL,DEPUTADO FEDERAL,MARX BELTRÃO,PP,#NULO,ELEITO POR QP
1,AL,DEPUTADO FEDERAL,RAFAEL BRITO (TIO RAFA),MDB,#NULO,ELEITO POR MÉDIA
1,AL,DEPUTADO FEDERAL,ARTHUR LIRA,PP,#NULO,ELEITO POR QP
1,AL,DEPUTADO FEDERAL,ISNALDO BULHÕES JR,MDB,#NULO,ELEITO POR QP
1,AL,DEPUTADO FEDERAL,DANIEL BARBOSA,PP,#NULO,ELEITO POR MÉDIA
1,AL,DEPUTADO FEDERAL,DELEGADO FABIO COSTA,PP,#NULO,ELEITO POR MÉDIA
1,AL,DEPUTADO FEDERAL,LUCIANO AMARAL,PV,PT/PC do B/PV,ELEITO POR QP
1,AL,DEPUTADO FEDERAL,PAULÃO,PT,PT/PC do B/PV,ELEITO POR MÉDIA
1,AL,DEPUTADO FEDERAL,ALFREDO GASPAR,UNIÃO,#NULO,ELEITO POR MÉDIA
1,AC,DEPUTADO FEDERAL,SOCORRO NERI,PP,#NULO,ELEITO POR QP
1,AC,DEPUTADO FEDERAL,DR EDUARDO VELLOSO,UNIÃO,#NULO,ELEITO POR MÉDIA
1,AC,DEPUTADO FEDERAL,CORONEL ULYSSES,UNIÃO,#NULO,ELEITO POR MÉDIA
1,AC,DEPUTADO FEDERAL,ANTÔNIA LUCIA,REPUBLICANOS,#NULO,ELEITO POR QP
1,AC,DEPUTADO FEDERAL,ZEZINHO BARBARY,PP,#NULO,ELEITO POR MÉDIA
1,AC,DEPUTADO FEDERAL,MEIRE SERAFIM,UNIÃO,#NULO,ELEITO POR QP
1,AC,DEPUTADO FEDERAL,GERLEN DINIZ,PP,#NULO,ELEITO POR MÉDIA
1,AC,DEPUTADO FEDERAL,ROBERTO DUARTE,REPUBLICANOS,#NULO,ELEITO POR MÉDIA
