uf,pos,nome,partido,votos,pct,e,grupo,pct_secoes,hg,vv
AC,1,MAILZA ASSIS,PP,218760,49.758101386,s,Direita (outros),100.0,21:08:18,439647
AC,2,ALAN RICK,REPUBLICANOS,141859,32.266568406,s,Direita (outros),100.0,21:08:18,439647
AC,3,TIÃO BOCALOM,PSDB,44946,10.223201796,n,Centro,100.0,21:08:18,439647
AL,1,JHC,PSDB,892484,52.203830806,s,Centro,100.0,22:54:50,1709614
AL,2,RENAN FILHO,MDB,809796,47.367183469,n,Centro,100.0,22:54:50,1709614
AL,3,LENILDA LUNA,UP,6454,0.377512117,n,Esquerda,100.0,22:54:50,1709614
AM,1,OMAR AZIZ,PSD,839636,40.584554942,n,Centro,99.877405909,23:13:01,2068856
AM,2,PROFESSORA MARIA DO CARMO,PL,507258,24.51876786,n,PL,99.877405909,23:13:01,2068856
AM,3,ROBERTO CIDADE,UNIÃO,453183,21.905004505,n,Direita (outros),99.877405909,23:13:01,2068856
AP,1,DR. FURLAN,PSD,281595,62.751394438,s,Centro,100.0,21:04:28,448747
AP,2,CLÉCIO,UNIÃO,165900,36.969606482,n,Direita (outros),100.0,21:04:28,448747
AP,3,CARLOS CLEY,PSTU,561,0.125014763,n,Esquerda,100.0,21:04:28,448747
BA,1,JERÔNIMO RODRIGUES,PT,4623659,55.793301945,n,Esquerda,99.95208028,23:23:52,8287122
BA,2,ACM NETO,UNIÃO,3624115,43.731889068,n,Direita (outros),99.95208028,23:23:52,8287122
BA,3,RONALDO MANSUR,PSOL,27241,0.328714842,n,Esquerda,99.95208028,23:23:52,8287122
CE,1,ELMANO DE FREITAS,PT,2875573,53.191314618,s,Esquerda,100.0,23:11:32,5406095
CE,2,CIRO GOMES,PSDB,2498891,46.223586526,n,Centro,100.0,23:11:32,5406095
CE,3,DELEGADO HUGGO,MISSÃO,17219,0.318510866,n,Direita (outros),100.0,23:11:32,5406095
DF,1,CELINA LEÃO,PP,825530,49.93415947,s,Direita (outros),100.0,20:23:38,1651394
DF,2,LEANDRO GRASS,PT,569930,34.473581223,s,Esquerda,100.0,20:23:38,1651394
DF,3,PAULA BELMONTE,PSDB,140765,8.514508204,n,Centro,100.0,20:23:38,1651394
ES,1,LORENZO PAZOLINI,REPUBLICANOS,1048633,49.647163984,s,Direita (outros),100.0,20:57:08,2112171
ES,2,RICARDO FERRAÇO,MDB,719397,34.059600288,s,Centro,100.0,20:57:08,2112171
ES,3,HELDER SALOMÃO,PT,323483,15.315189916,n,Esquerda,100.0,20:57:08,2112171
GO,1,DANIEL VILELA,MDB,2148218,59.170170243,s,Centro,100.0,22:39:20,3630576
GO,2,WILDER MORAIS,PL,797141,21.956323184,n,PL,100.0,22:39:20,3630576
GO,3,LUIS CESAR BUENO,PT,356692,9.82466694,n,Esquerda,100.0,22:39:20,3630576
MA,1,EDUARDO BRAIDE,PSD,2103882,54.026094218,n,Centro,99.966838004,23:21:51,3845276
MA,2,ORLEANS BRANDÃO,MDB,1353515,34.757238721,n,Centro,99.966838004,23:21:51,3845276
MA,3,FELIPE CAMARÃO,PT,373928,9.602187461,n,Esquerda,99.966838004,23:21:51,3845276
MG,1,CLEITINHO AZEVEDO,REPUBLICANOS,6321351,55.396183405,n,Direita (outros),99.99423764,23:25:35,11409703
MG,2,PATRUS ANANIAS,PT,3005678,26.339795045,n,Esquerda,99.99423764,23:25:35,11409703
MG,3,FLÁVIO ROSCOE,PL,795185,6.968480963,n,PL,99.99423764,23:25:35,11409703
MS,1,EDUARDO RIEDEL,PP,914323,67.06699489,s,Direita (outros),100.0,21:06:39,1363298
MS,2,FÁBIO TRAD,PT,322807,23.678388731,n,Esquerda,100.0,21:06:39,1363298
MS,3,JOÃO HENRIQUE CATAN,NOVO,98677,7.23810935,n,Direita (outros),100.0,21:06:39,1363298
MT,1,OTAVIANO PIVETTA,REPUBLICANOS,1128099,60.771602328,s,Direita (outros),100.0,21:32:09,1856293
MT,2,WELLINGTON FAGUNDES,PL,430442,23.188257457,n,PL,100.0,21:32:09,1856293
MT,3,DOUTORA NATASHA,PSD,281548,15.167217675,n,Centro,100.0,21:32:09,1856293
PA,1,DR. DANIEL,PODE,2345670,51.366213795,n,Centro,99.99519854,23:29:42,4564575
PA,2,HANA GHASSAN,MDB,2124869,46.53104458,n,Centro,99.99519854,23:29:42,4564575
PA,3,ARACELI,PSOL,85857,1.880123384,n,Esquerda,99.99519854,23:29:42,4564575
PB,1,LUCAS RIBEIRO,PP,1470252,64.29799066,s,Direita (outros),100.0,23:23:01,2286622
PB,2,EFRAIM FILHO,PL,552836,24.176973719,n,PL,100.0,23:23:01,2286622
PB,3,CÍCERO LUCENA,MDB,252884,11.059283082,n,Centro,100.0,23:23:01,2286622
PE,1,RAQUEL LYRA,PSD,2805438,53.265935705,s,Centro,100.0,22:55:50,5266852
PE,2,JOÃO CAMPOS,PSB,2360469,44.817454525,n,Esquerda,100.0,22:55:50,5266852
PE,3,IVAN MORAES,PSOL,77699,1.475245555,n,Esquerda,100.0,22:55:50,5266852
PI,1,RAFAEL FONTELES,PT,1436697,70.903357146,n,Esquerda,100.0,23:35:52,2021200
PI,2,JOEL RODRIGUES,PP,557972,27.536834832,n,Direita (outros),100.0,23:35:52,2021200
PI,3,PROFESSOR GISVALDO,PSOL,10002,0.493615131,n,Esquerda,100.0,23:35:52,2021200
PR,1,SERGIO MORO,PL,3127911,50.096279525,s,PL,100.0,22:44:22,6242274
PR,2,SANDRO ALEX,PSD,1583764,25.365390526,n,Centro,100.0,22:44:22,6242274
PR,3,REQUIÃO FILHO,PDT,1465601,23.472904877,n,Esquerda,100.0,22:44:22,6242274
RJ,1,DOUGLAS RUAS,PL,4271199,49.269584468,s,PL,100.0,22:23:10,8394627
RJ,2,EDUARDO PAES,PSD,3706984,42.761192188,s,Centro,100.0,22:23:10,8394627
RJ,3,GAROTINHO,REPUBLICANOS,274411,3.165414663,n,Direita (outros),100.0,22:23:10,8394627
RN,1,ALLYSON,UNIÃO,733809,36.936669841,s,Direita (outros),100.0,23:02:10,1986441
RN,2,CADU DE LULA,PT,718300,36.156016003,s,Esquerda,100.0,23:02:10,1986441
RN,3,ÁLVARO DIAS,PL,530580,26.707029056,n,PL,100.0,23:02:10,1986441
RO,1,MARCOS ROGÉRIO,PL,537370,56.861060379,s,PL,100.0,20:51:22,945058
RO,2,ADAILTON FURIA,PSD,189547,20.056652608,n,Centro,100.0,20:51:22,945058
RO,3,HILDON CHAVES,UNIÃO,134355,14.216587765,n,Direita (outros),100.0,20:51:22,945058
RR,1,ARTHUR HENRIQUE,PL,220809,69.129622151,s,PL,100.0,21:09:58,319336
RR,2,SOLDADO SAMPAIO,REPUBLICANOS,93434,29.251783741,n,Direita (outros),100.0,21:09:58,319336
RR,3,ROSI AIRES,PSOL,4880,1.527802563,n,Esquerda,100.0,21:09:58,319336
RS,1,ZUCCO,PL,3516048,58.045086021,s,PL,100.0,21:12:40,6055306
RS,2,JULIANA BRIZOLA,PDT,1917374,31.653190959,n,Esquerda,100.0,21:12:40,6055306
RS,3,GABRIEL SOUZA,MDB,510698,8.430917138,n,Centro,100.0,21:12:40,6055306
SC,1,JORGINHO MELLO,PL,2942386,68.978753721,s,PL,100.0,21:56:30,4265641
SC,2,GELSON MERÍSIO,PSB,668021,15.660506827,n,Esquerda,100.0,21:56:30,4265641
SC,3,JOÃO RODRIGUES,PSD,569263,13.34530965,n,Centro,100.0,21:56:30,4265641
SE,1,FÁBIO,PSD,727291,59.273533669,s,Centro,100.0,22:08:19,1189927
SE,2,VALMIR DE FRANCISQUINHO,REPUBLICANOS,459908,37.482070207,n,Direita (outros),100.0,22:08:19,1189927
SE,3,DR. HELTON,PSOL,37081,3.022066686,n,Esquerda,100.0,22:08:19,1189927
SP,1,TARCÍSIO,REPUBLICANOS,14491874,62.652626857,s,Direita (outros),100.0,22:59:12,23130513
SP,2,FERNANDO HADDAD,PT,8423656,36.417938504,n,Esquerda,100.0,22:59:12,23130513
SP,3,VIVIAN MENDES,UP,80480,0.347938673,n,Esquerda,100.0,22:59:12,23130513
TO,1,PROFESSORA DORINHA,UNIÃO,386260,45.515767196,s,Direita (outros),100.0,21:18:59,848629
TO,2,VICENTINHO JÚNIOR,PSDB,372848,43.9353357,s,Centro,100.0,21:18:59,848629
TO,3,LAUREZ MOREIRA,PSD,69967,8.244709997,n,Centro,100.0,21:18:59,848629
