gerado_em,uf,secoes_total,secoes_apuradas,pct_secoes,votos_validos,v_FLAVIO BOLSONARO,v_RONALDO CAIADO,v_LULA,v_CLARIANA BARAO,v_EDMILSON COSTA,v_HERTZ DIAS,v_ESCRITOR AUGUSTO CURY,v_ZEMA,v_SAMARA,v_VETERINÁRIO WILSON GRASSI,v_RENAN SANTOS,v_RUI COSTA PIMENTA
04/10/2026 18:09:46,AC,2270,815,35.9,164214,103798,3302,48842,61,55,21,4943,235,129,10,2799,19
04/10/2026 18:11:41,AM,8157,2516,30.84,654337,330854,9733,271622,335,87,211,27064,804,748,110,12687,82
04/10/2026 18:11:04,AP,1914,294,15.36,57414,22553,841,30817,18,6,13,2063,31,34,3,1028,7
04/10/2026 18:11:09,PA,20827,5303,25.46,1239696,565242,17806,588204,443,197,434,37409,1261,1610,198,26773,119
04/10/2026 18:11:41,RO,4698,1838,39.12,386446,242362,7577,113832,197,81,103,12170,554,504,68,8973,25
04/10/2026 18:09:50,RR,1519,188,12.38,36172,24689,342,9844,11,2,4,730,30,23,1,494,2
04/10/2026 18:12:16,TO,4384,2655,60.56,550773,277384,12324,239039,88,67,74,13328,386,239,33,7777,34
04/10/2026 18:09:46,NORTE,43769,13609,31.09,3089052,1566882,51925,1302200,1153,495,860,97707,3301,3287,423,60531,288
04/10/2026 18:32:53,AC,2270,1602,70.57,326755,210550,6303,93295,146,101,55,9804,435,236,26,5774,30
04/10/2026 18:32:54,AM,8157,3927,48.14,1044572,520783,15144,442092,530,149,305,42834,1205,1173,180,20064,113
04/10/2026 18:32:53,AP,1914,681,35.58,137796,58791,2190,68277,48,18,27,5314,91,97,12,2913,18
04/10/2026 18:32:57,PA,20827,9001,43.22,2079997,957334,27126,986196,672,310,657,60418,1767,2298,288,42754,177
04/10/2026 18:32:54,RO,4698,2992,63.69,617377,404820,11087,169069,271,119,134,17338,846,652,79,12922,40
04/10/2026 18:32:54,RR,1519,551,36.27,111555,77932,1161,27871,41,15,13,2556,106,76,5,1769,10
04/10/2026 18:32:58,TO,4384,3633,82.87,762647,386792,16897,328609,140,98,86,18318,513,329,54,10763,48
04/10/2026 18:32:53,NORTE,43769,22387,51.15,5080699,2617002,79908,2115409,1848,810,1277,156582,4963,4861,644,96959,436
04/10/2026 18:34:32,AC,2270,1646,72.51,336098,216488,6497,96001,153,103,57,10074,443,247,26,5978,31
04/10/2026 18:32:54,AM,8157,3927,48.14,1044572,520783,15144,442092,530,149,305,42834,1205,1173,180,20064,113
04/10/2026 18:34:32,AP,1914,724,37.83,148144,63796,2416,72540,54,21,31,5829,104,109,14,3211,19
04/10/2026 18:34:37,PA,20827,9210,44.22,2127428,979165,27589,1009227,682,320,669,61600,1799,2331,291,43575,180
04/10/2026 18:34:34,RO,4698,3079,65.54,635429,418026,11297,173019,276,119,136,17746,863,664,80,13162,41
04/10/2026 18:34:34,RR,1519,596,39.24,120433,84347,1281,29776,45,16,15,2788,120,85,5,1945,10
04/10/2026 18:35:11,TO,4384,3688,84.12,775850,393599,17180,334133,142,101,86,18683,520,335,54,10968,49
04/10/2026 18:34:32,NORTE,43769,22870,52.25,5187954,2676204,81404,2156788,1882,829,1299,159554,5054,4944,650,98903,443
04/10/2026 19:12:24,AC,2270,2127,93.7,436479,282648,8032,124313,185,132,69,12679,523,300,35,7527,36
04/10/2026 19:11:45,AM,8157,5924,72.62,1584861,766501,22148,699726,771,209,418,62538,1581,1614,249,28958,148
04/10/2026 19:11:44,AP,1914,1315,68.7,295086,130761,5133,139476,134,34,78,12043,207,302,32,6851,35
04/10/2026 19:10:52,PA,20827,14218,68.27,3282097,1503337,38783,1578518,973,474,854,90413,2404,3003,362,62736,240
04/10/2026 19:11:47,RO,4698,4296,91.44,883398,591902,15430,232172,335,152,168,23409,1212,794,95,17673,56
04/10/2026 19:11:47,RR,1519,1362,89.66,289791,206151,3293,65824,138,40,51,7777,304,244,33,5906,30
04/10/2026 19:11:50,TO,4384,4184,95.44,885182,444878,19279,385970,157,112,93,21315,573,376,60,12310,59
04/10/2026 19:12:24,NORTE,43769,33426,76.37,7656894,3926178,112098,3225999,2693,1153,1731,230174,6804,6633,866,141961,604
04/10/2026 19:12:24,AC,2270,2127,93.7,436479,282648,8032,124313,185,132,69,12679,523,300,35,7527,36
04/10/2026 19:11:45,AM,8157,5924,72.62,1584861,766501,22148,699726,771,209,418,62538,1581,1614,249,28958,148
04/10/2026 19:11:44,AP,1914,1315,68.7,295086,130761,5133,139476,134,34,78,12043,207,302,32,6851,35
04/10/2026 19:12:29,PA,20827,14372,69.01,3319368,1519408,39084,1597881,982,482,856,91292,2425,3019,366,63330,243
04/10/2026 19:11:47,RO,4698,4296,91.44,883398,591902,15430,232172,335,152,168,23409,1212,794,95,17673,56
04/10/2026 19:11:47,RR,1519,1362,89.66,289791,206151,3293,65824,138,40,51,7777,304,244,33,5906,30
04/10/2026 19:11:50,TO,4384,4184,95.44,885182,444878,19279,385970,157,112,93,21315,573,376,60,12310,59
04/10/2026 19:12:24,NORTE,43769,33580,76.72,7694165,3942249,112399,3245362,2702,1161,1733,231053,6825,6649,870,142555,607
04/10/2026 19:16:34,AC,2270,2145,94.49,440884,285521,8135,125520,186,133,69,12802,528,303,36,7615,36
04/10/2026 19:16:35,AM,8157,6242,76.52,1666300,800691,23041,742248,808,219,427,65063,1612,1680,259,30101,151
04/10/2026 19:16:34,AP,1914,1440,75.24,329983,148022,5763,153763,162,38,90,13659,235,353,33,7826,39
04/10/2026 19:17:11,PA,20827,15284,73.39,3536209,1621239,40944,1702116,1035,511,890,96401,2520,3159,380,66767,247
04/10/2026 19:26:14,RO,4698,4569,97.25,940309,632905,16398,244615,350,157,174,24697,1285,834,97,18738,59
04/10/2026 19:16:38,RR,1519,1417,93.29,302480,215636,3439,68297,148,42,55,8089,312,253,38,6140,31
04/10/2026 19:16:42,TO,4384,4227,96.42,895129,450015,19472,390185,159,112,95,21555,579,385,60,12453,59
04/10/2026 19:16:34,NORTE,43769,35324,80.71,8111294,4154029,117192,3426744,2848,1212,1800,242266,7071,6967,903,149640,622
04/10/2026 19:29:14,AC,2270,2226,98.06,458909,296503,8408,131531,205,138,69,13269,559,311,36,7842,38
04/10/2026 19:16:35,AM,8157,6242,76.52,1666300,800691,23041,742248,808,219,427,65063,1612,1680,259,30101,151
04/10/2026 19:26:11,AP,1914,1532,80.04,354330,159349,6193,164796,176,42,95,14568,257,383,37,8393,41
04/10/2026 19:26:17,PA,20827,16844,80.88,3909555,1791307,44215,1886791,1129,552,936,105528,2677,3390,394,72368,268
04/10/2026 19:26:14,RO,4698,4569,97.25,940309,632905,16398,244615,350,157,174,24697,1285,834,97,18738,59
04/10/2026 19:26:14,RR,1519,1490,98.09,319176,228064,3606,71489,167,42,60,8500,334,277,41,6562,34
04/10/2026 19:26:17,TO,4384,4306,98.22,912400,459269,19829,397126,167,115,99,21991,585,389,65,12703,62
04/10/2026 19:29:14,NORTE,43769,37209,85.01,8560979,4368088,121690,3638596,3002,1265,1860,253616,7309,7264,929,156707,653
04/10/2026 19:32:03,AC,2270,2226,98.06,458909,296503,8408,131531,205,138,69,13269,559,311,36,7842,38
04/10/2026 19:32:04,AM,8157,6935,85.02,1847219,871095,24999,843113,863,232,440,70242,1682,1757,274,32364,158
04/10/2026 19:32:03,AP,1914,1600,83.59,373205,168381,6555,172933,183,45,100,15348,269,408,38,8903,42
04/10/2026 19:32:08,PA,20827,17329,83.2,4023861,1844140,45226,1942911,1157,566,954,107977,2731,3442,400,74082,275
04/10/2026 19:32:03,RO,4698,4608,98.08,948542,638932,16530,246413,351,157,174,24857,1292,838,97,18842,59
04/10/2026 19:32:03,RR,1519,1491,98.16,319403,228239,3609,71527,167,42,60,8506,334,277,41,6567,34
04/10/2026 19:32:05,TO,4384,4332,98.81,918383,462484,19938,399554,170,115,99,22113,588,390,66,12803,63
04/10/2026 19:32:03,NORTE,43769,38521,88.01,8889522,4509774,125265,3807982,3096,1295,1896,262312,7455,7423,952,161403,669
04/10/2026 19:32:03,AC,2270,2226,98.06,458909,296503,8408,131531,205,138,69,13269,559,311,36,7842,38
04/10/2026 19:32:04,AM,8157,6935,85.02,1847219,871095,24999,843113,863,232,440,70242,1682,1757,274,32364,158
04/10/2026 19:32:03,AP,1914,1600,83.59,373205,168381,6555,172933,183,45,100,15348,269,408,38,8903,42
04/10/2026 19:32:08,PA,20827,17329,83.2,4023861,1844140,45226,1942911,1157,566,954,107977,2731,3442,400,74082,275
04/10/2026 19:32:03,RO,4698,4608,98.08,948542,638932,16530,246413,351,157,174,24857,1292,838,97,18842,59
04/10/2026 19:32:03,RR,1519,1491,98.16,319403,228239,3609,71527,167,42,60,8506,334,277,41,6567,34
04/10/2026 19:32:05,TO,4384,4332,98.81,918383,462484,19938,399554,170,115,99,22113,588,390,66,12803,63
04/10/2026 19:32:03,NORTE,43769,38521,88.01,8889522,4509774,125265,3807982,3096,1295,1896,262312,7455,7423,952,161403,669
04/10/2026 20:05:04,AC,2270,2226,98.06,458909,296503,8408,131531,69,138,205,559,13269,36,311,7842,38
04/10/2026 20:05:05,AM,8157,7019,86.05,1869346,878726,25153,856705,441,235,866,1687,70744,275,1762,32594,158
04/10/2026 20:05:04,AP,1914,1600,83.59,373205,168381,6555,172933,100,45,183,269,15348,38,408,8903,42
04/10/2026 20:04:37,PA,20827,17459,83.83,4057814,1860624,45539,1958406,961,572,1163,2752,108955,402,3468,74696,276
04/10/2026 20:05:07,RO,4698,4608,98.08,948542,638932,16530,246413,174,157,351,1292,24857,97,838,18842,59
04/10/2026 20:05:06,RR,1519,1492,98.22,319659,228262,3609,71760,60,42,167,334,8506,41,277,6567,34
04/10/2026 20:04:33,TO,4384,4333,98.84,918644,462603,19948,399678,99,115,170,589,22119,66,390,12804,63
04/10/2026 20:05:04,NORTE,43769,38737,88.5,8946119,4534031,125742,3837426,1904,1304,3105,7482,263798,955,7454,162248,670
04/10/2026 20:29:20,AC,2270,2256,99.38,465694,300599,8525,133841,210,139,71,13421,569,313,39,7929,38
04/10/2026 20:29:52,AM,8157,7469,91.57,1984317,918241,26272,926597,896,243,448,73787,1732,1813,282,33848,158
04/10/2026 20:29:21,AP,1914,1770,92.48,421523,191600,7477,193710,207,53,115,17344,310,452,45,10162,48
04/10/2026 20:29:59,PA,20827,18598,89.3,4332551,1974207,47814,2107293,1210,602,993,114878,2874,3591,410,78388,291
04/10/2026 20:29:53,RO,4698,4695,99.94,967420,652572,16913,250494,356,160,174,25263,1318,843,97,19170,60
04/10/2026 20:29:24,RR,1519,1513,99.61,323827,230484,3631,73586,168,42,60,8556,337,278,41,6610,34
04/10/2026 20:29:57,TO,4384,4357,99.38,923998,465533,20052,401787,171,116,100,22241,591,393,67,12883,64
04/10/2026 20:29:20,NORTE,43769,40658,92.89,9419330,4733236,130684,4087308,3218,1355,1961,275490,7731,7683,981,168990,693
04/10/2026 20:58:29,AC,2270,2270,100.0,469066,302807,8594,134770,215,140,71,13523,573,314,39,7980,40
04/10/2026 21:00:04,AM,8157,7968,97.68,2118940,963353,27725,1010505,920,260,455,76610,1772,1855,289,35036,160
04/10/2026 20:58:29,AP,1914,1903,99.43,461792,210762,8245,211226,229,61,131,18947,339,503,49,11247,53
04/10/2026 20:59:39,PA,20827,20149,96.74,4706265,2117444,50821,2322358,1269,653,1028,122418,3024,3765,434,82751,300
04/10/2026 20:58:34,RO,4698,4698,100.0,968059,652988,16929,250667,356,160,174,25280,1318,843,97,19187,60
04/10/2026 21:00:06,RR,1519,1518,99.93,325233,231296,3637,74136,168,42,60,8579,337,280,41,6623,34
04/10/2026 20:58:38,TO,4384,4384,100.0,930447,469321,20189,404009,171,117,101,22434,595,395,67,12983,65
04/10/2026 20:58:29,NORTE,43769,42890,97.99,9979802,4947971,136140,4407671,3328,1433,2020,287791,7958,7955,1016,175807,712
04/10/2026 21:28:40,AC,2270,2270,100.0,469066,302807,8594,134770,215,140,71,13523,573,314,39,7980,40
04/10/2026 21:28:42,AM,8157,8048,98.66,2140063,970864,27965,1023191,927,263,455,77081,1777,1859,290,35230,161
04/10/2026 21:28:40,AP,1914,1914,100.0,464858,212278,8304,212503,229,62,132,19057,341,508,49,11342,53
04/10/2026 21:29:46,PA,20827,20624,99.03,4816319,2151974,51633,2393891,1289,671,1041,124443,3052,3804,440,83777,304
04/10/2026 21:28:40,RO,4698,4698,100.0,968059,652988,16929,250667,356,160,174,25280,1318,843,97,19187,60
04/10/2026 21:28:41,RR,1519,1519,100.0,325545,231322,3639,74420,168,42,60,8579,337,280,41,6623,34
04/10/2026 21:28:43,TO,4384,4384,100.0,930447,469321,20189,404009,171,117,101,22434,595,395,67,12983,65
04/10/2026 21:28:40,NORTE,43769,43457,99.29,10114357,4991554,137253,4493451,3355,1455,2034,290397,7993,8003,1023,177122,717
