uf,lula_pct_2t_mediana
AC,28.971118959082602
AL,56.15017656183304
AM,49.44239445345097
AP,47.583073658444064
BA,68.38374927967541
CE,65.91012126433631
DF,42.31253910517157
ES,39.38589118655435
GO,34.54218658131377
MA,66.29651185653536
MG,45.55766192193186
MS,35.83062838149718
MT,29.764909124200944
PA,51.77647070917419
PB,63.58022891761035
PE,65.41901551923222
PI,73.1769809151467
PR,33.01590411612157
RJ,41.90939645158903
RN,61.82774732838392
RO,26.25147851001577
RR,23.29515586480099
RS,37.13670408435945
SC,26.398666214080446
SE,66.04812534317988
SP,41.52499007936473
TO,44.45651545814915
ZZ,51.00519464476804
