uf,apurado,lula_hoje,flavio_hoje,ajuste_lula,ajuste_bolso,lula_proj,flavio_proj,peso
SP,87.11,37.91043718278359,52.24972026240556,2.058060569599597,-2.1597042066229974,39.968497752383186,50.09001605578256,24781534.841005627
MG,78.35,42.413346574371644,48.91773484447731,1.7012869922815312,-1.6422729480757283,44.114633566653175,47.27546189640158,11974400.765794512
RJ,73.47,39.12724997073575,53.38321762698433,-0.684839316911031,1.204880297185504,38.442410653824716,54.58809792416984,9069579.4201715
BA,67.1,64.9327410572743,29.513275586894604,1.8274321083356284,-1.1533695255591319,66.76017316560993,28.359906061335472,8331126.676602087
RS,97.41,35.7687831083426,55.57941881243347,0.5212993520701161,-0.4200478623891968,36.29008246041272,55.15937095004427,6439561.646648188
PR,99.17,31.136089606446255,59.95630754489022,0.48503199334063396,-0.23998345700715618,31.62112159978689,59.716324087883066,6583458.707270344
PE,75.06,62.54476584691538,31.83969646714352,1.959491417103301,-1.4248415381045447,64.50425726401869,30.414854929038974,5481939.781508126
CE,68.44,61.701739108202894,32.526061056363055,2.667377301845704,-2.1800869358358135,64.3691164100486,30.34597412052724,5600692.577440093
PA,83.2,48.284744428299085,45.830111924840345,2.6186370592510357,-1.8122222741692013,50.90338148755012,44.017889650671144,4836371.394230769
SC,93.84,25.066394691745288,66.56983094465824,0.5585094983003849,-0.2982110316390063,25.624904190045672,66.27161991301924,4492833.546462063
