SG_UF,NR_VOTAVEL,NM_VOTAVEL,SG_PARTIDO,v,grupo
AC,444,ALAN RICK,UNIÃO,154312,Direita (outros)
AL,151,RENAN FILHO,MDB,845988,Centro
AM,555,OMAR AZIZ,PSD,784007,Centro
AP,444,DAVI,UNIÃO,196087,Direita (outros)
BA,555,OTTO ALENCAR,PSD,4218333,Centro
CE,131,CAMILO,PT,3389513,Esquerda
DF,100,DAMARES ALVES,REPUBLICANOS,714562,Direita (outros)
ES,222,MAGNO MALTA,PL,821189,PL
GO,222,WILDER MORAIS,PL,799022,PL
MA,400,FLÁVIO DINO,PSB,2125811,Esquerda
MG,200,CLEITINHO,PSC,4268193,?
MS,111,TEREZA CRISTINA,PP,829149,Direita (outros)
MT,222,WELLINGTON FAGUNDES,PL,825229,PL
PA,131,BETO FARO,PT,1781582,Esquerda
PB,444,EFRAIM FILHO,UNIÃO,617477,Direita (outros)
PE,130,TERESA LEITÃO,PT,2061276,Esquerda
PI,131,WELLINGTON DIAS,PT,962194,Esquerda
PR,444,SERGIO MORO,UNIÃO,1953188,Direita (outros)
RJ,222,ROMÁRIO,PL,2384331,PL
RN,222,ROGÉRIO MARINHO,PL,708351,PL
RO,222,JAIME BAGATTOLI,PL,293488,PL
RR,111,DR. HIRAN,PP,118760,Direita (outros)
RS,100,HAMILTON MOURÃO,REPUBLICANOS,2593294,Direita (outros)
SC,222,JORGE SEIF,PL,1484110,PL
SE,111,LAÉRCIO,PP,310300,Direita (outros)
SP,222,ASTRONAUTA MARCOS PONTES,PL,10714913,PL
TO,444,PROFESSORA DORINHA,UNIÃO,395408,Direita (outros)
