uf,pos,nome,partido,votos,pct,eleito,grupo,pct_secoes,hora,margem_2o_3o
AC,1,MARCIO BITTAR,PL,209180,25.585076065,n,PL,94.008810573,04/10/2026 19:15:23,1.7
AC,2,MARA ROCHA,REPUBLICANOS,147525,18.043973356,n,Direita (outros),94.008810573,04/10/2026 19:15:23,1.7
AC,3,GLADSON CAMELÍ,PP,136231,16.662589624,n,Direita (outros),94.008810573,04/10/2026 19:15:23,1.7
AL,1,ARTHUR LIRA,PP,385402,30.396780829,n,Direita (outros),41.853260104,04/10/2026 19:16:54,1.8
AL,2,MARINA JHC,PSDB,331899,26.176981854,n,Centro,41.853260104,04/10/2026 19:16:54,1.8
AL,3,RENAN,MDB,308775,24.353184468,n,Centro,41.853260104,04/10/2026 19:16:54,1.8
AM,1,EDUARDO BRAGA,MDB,898401,30.68400598,n,Centro,76.645825671,04/10/2026 19:16:55,0.5
AM,2,CAPITÃO ALBERTO NETO,PL,736466,25.153274705,n,PL,76.645825671,04/10/2026 19:16:55,0.5
AM,3,PLINIO VALÉRIO,PSDB,720840,24.619583984,n,Centro,76.645825671,04/10/2026 19:16:55,0.5
AP,1,RAYSSA FURLAN,PODE,182901,29.146454956,n,Centro,75.287356322,04/10/2026 19:16:55,4.3
AP,2,LUCAS BARRETO,PSD,148162,23.61057107,n,Centro,75.287356322,04/10/2026 19:16:55,4.3
AP,3,RANDOLFE,PT,121488,19.359896992,n,Esquerda,75.287356322,04/10/2026 19:16:55,4.3
BA,1,RUI COSTA,PT,2151613,29.157531843,n,Esquerda,53.354380426,04/10/2026 19:16:25,6.0
BA,2,JAQUES WAGNER,PT,1972238,26.726735842,n,Esquerda,53.354380426,04/10/2026 19:16:25,6.0
BA,3,JOÃO ROMA,PL,1531391,20.75260832,n,PL,53.354380426,04/10/2026 19:16:25,6.0
CE,1,CID GOMES,PSB,1525038,30.338183741,n,Esquerda,52.30801599,04/10/2026 19:16:24,7.0
CE,2,LUIZIANNE,REDE,1423881,28.325827555,n,Esquerda,52.30801599,04/10/2026 19:16:24,7.0
CE,3,CAPITÃO WAGNER,UNIÃO,1074308,21.371633689,n,Direita (outros),52.30801599,04/10/2026 19:16:24,7.0
DF,1,MICHELLE BOLSONARO,PL,932875,29.038982821,n,PL,99.512125126,04/10/2026 19:28:42,6.2
DF,2,BIA KICIS,PL,881413,27.43704887,n,PL,99.512125126,04/10/2026 19:28:42,6.2
DF,3,LEILA DO VÔLEI,PDT,682768,21.253531526,n,Esquerda,99.512125126,04/10/2026 19:28:42,6.2
ES,1,RENATO CASAGRANDE,PSB,954247,24.609229734,n,Esquerda,96.57659488,04/10/2026 19:16:56,5.6
ES,2,EVAIR DE MELO,REPUBLICANOS,951147,24.529283335,n,Direita (outros),96.57659488,04/10/2026 19:16:56,5.6
ES,3,MAGUINHA MALTA,PL,734361,18.938554229,n,PL,96.57659488,04/10/2026 19:16:56,5.6
GO,1,GUSTAVO GAYER,PL,1385424,24.978594397,n,PL,83.265332143,04/10/2026 19:16:57,6.2
GO,2,GRACINHA CAIADO,UNIÃO,1188007,21.41925143,n,Direita (outros),83.265332143,04/10/2026 19:16:57,6.2
GO,3,DR. ZACHARIAS CALIL,MDB,844463,15.225301973,n,Centro,83.265332143,04/10/2026 19:16:57,6.2
MA,1,FUFUCA,PP,1112254,21.566427655,n,Direita (outros),73.630685901,04/10/2026 19:28:43,5.5
MA,2,LAHESIO BONFIM,NOVO,1098770,21.304975045,n,Direita (outros),73.630685901,04/10/2026 19:28:43,5.5
MA,3,ROSEANA SARNEY,MDB,816829,15.838184025,n,Centro,73.630685901,04/10/2026 19:28:43,5.5
MG,1,DOMINGOS SÁVIO,PL,3217057,24.733645196,n,PL,62.946102724,04/10/2026 19:12:21,2.0
MG,2,MARÍLIA CAMPOS,PT,2527574,19.43270465,n,Esquerda,62.946102724,04/10/2026 19:12:21,2.0
MG,3,CARLOS VIANA,PSD,2269047,17.445075866,n,Centro,62.946102724,04/10/2026 19:12:21,2.0
MS,1,REINALDO AZAMBUJA,PL,895459,34.716957577,n,PL,98.761609907,04/10/2026 19:25:30,19.3
MS,2,CAPITÃO CONTAR,PL,850731,32.982852411,n,PL,98.761609907,04/10/2026 19:25:30,19.3
MS,3,VANDER LOUBET,PT,353495,13.705005945,n,Esquerda,98.761609907,04/10/2026 19:25:30,19.3
MT,1,MAURO MENDES,UNIÃO,1069066,33.296083887,n,Direita (outros),89.9481115,04/10/2026 19:16:57,13.2
MT,2,ZÉ MEDEIROS,PL,884985,27.562877127,n,PL,89.9481115,04/10/2026 19:16:57,13.2
MT,3,JANAINA RIVA,MDB,460553,14.34393323,n,Centro,89.9481115,04/10/2026 19:16:57,13.2
PA,1,HELDER,MDB,1636987,25.165463855,n,Centro,73.275075623,04/10/2026 19:17:01,1.5
PA,2,DELEGADO ÉDER MAURO,PL,1503475,23.112978764,n,PL,73.275075623,04/10/2026 19:17:01,1.5
PA,3,ZEQUINHA MARINHO,PODE,1404654,21.593799746,n,Centro,73.275075623,04/10/2026 19:17:01,1.5
PB,1,JOAO AZEVÊDO,PSB,1310500,32.651891717,n,Esquerda,94.128080657,04/10/2026 19:16:26,1.9
PB,2,VENEZIANO,MDB,909228,22.653959711,n,Centro,94.128080657,04/10/2026 19:16:26,1.9
PB,3,NABOR,REPUBLICANOS,833005,20.754818054,n,Direita (outros),94.128080657,04/10/2026 19:16:26,1.9
PE,1,HUMBERTO COSTA,PT,1450816,26.808520389,n,Esquerda,60.178354655,04/10/2026 19:16:27,5.8
PE,2,MARÍLIA ARRAES,PDT,1348559,24.918991414,n,Esquerda,60.178354655,04/10/2026 19:16:27,5.8
PE,3,MENDONÇA FILHO,PL,1037877,19.178136108,n,PL,60.178354655,04/10/2026 19:16:27,5.8
PI,1,MARCELO CASTRO,MDB,959149,35.156482523,n,Centro,75.041564792,04/10/2026 19:16:27,2.6
PI,2,JÚLIO CÉSAR O JULIM DO LULA,PSD,736137,26.982239021,n,Centro,75.041564792,04/10/2026 19:16:27,2.6
PI,3,CIRO NOGUEIRA,PP,665858,24.406244639,n,Direita (outros),75.041564792,04/10/2026 19:16:27,2.6
PR,1,FILIPE BARROS,PL,3092388,27.347760975,n,PL,97.85572176,04/10/2026 19:16:28,8.5
PR,2,DELTAN DALLAGNOL,NOVO,2853500,25.235137358,n,Direita (outros),97.85572176,04/10/2026 19:16:28,8.5
PR,3,ALEXANDRE CURI,REPUBLICANOS,1894381,16.75309786,n,Direita (outros),97.85572176,04/10/2026 19:16:28,8.5
RJ,1,CARLOS PORTINHO,PL,2358275,27.341060359,n,PL,56.907763769,04/10/2026 19:16:27,5.2
RJ,2,CARLOS JORDY,PL,2167440,25.128582487,n,PL,56.907763769,04/10/2026 19:16:27,5.2
RJ,3,BENEDITA DA SILVA,PT,1718965,19.929111669,n,Esquerda,56.907763769,04/10/2026 19:16:27,5.2
RN,1,STYVENSON VALENTIM,PODE,707729,29.191803367,n,Centro,69.242144177,04/10/2026 19:16:23,0.3
RN,2,SAMANDA DE LULA,PT,431064,17.780160946,n,Esquerda,69.242144177,04/10/2026 19:16:23,0.3
RN,3,ZENAIDE MAIA,PSD,424515,17.510033369,n,Centro,69.242144177,04/10/2026 19:16:23,0.3
RO,1,DR. FERNANDO MÁXIMO,PL,537532,31.857731545,n,PL,94.678586633,04/10/2026 19:15:57,9.5
RO,2,BRUNO SCHEID,PL,445639,26.411539458,n,PL,94.678586633,04/10/2026 19:15:57,9.5
RO,3,SÍLVIA CRISTINA,PP,288468,17.0965377,n,Direita (outros),94.678586633,04/10/2026 19:15:57,9.5
RR,1,NICOLETTI,PL,128923,22.773650164,n,PL,93.219223173,04/10/2026 19:15:25,1.8
RR,2,TERESA SURITA,MDB,108292,19.129279676,n,Centro,93.219223173,04/10/2026 19:15:25,1.8
RR,3,HELENA DA ASATUR,PSD,98234,17.352580612,n,Centro,93.219223173,04/10/2026 19:15:25,1.8
RS,1,SANDERSON,PL,3162347,30.017697297,n,PL,91.527208044,04/10/2026 19:16:29,12.8
RS,2,MARCEL VAN HATTEM,NOVO,3159195,29.987777816,n,Direita (outros),91.527208044,04/10/2026 19:16:29,12.8
RS,3,MANUELA D'ÁVILA,PSOL,1809086,17.172244517,n,Esquerda,91.527208044,04/10/2026 19:16:29,12.8
SC,1,CAROL DE TONI,PL,2503424,33.423823612,n,PL,93.137481242,04/10/2026 19:28:53,9.8
SC,2,CARLOS BOLSONARO,PL,1886716,25.190004885,n,PL,93.137481242,04/10/2026 19:28:53,9.8
SC,3,ESPERIDIÃO AMIN,PP,1151292,15.371179925,n,Direita (outros),93.137481242,04/10/2026 19:28:53,9.8
SE,1,ROGERIO CARVALHO,PT,413787,21.558963116,n,Esquerda,83.825763971,04/10/2026 19:16:59,0.1
SE,2,DELEGADO ALESSANDRO,MDB,327044,17.039514371,n,Centro,83.825763971,04/10/2026 19:16:59,0.1
SE,3,DELEGADO ANDRÉ DAVID,REPUBLICANOS,324727,16.918794973,n,Direita (outros),83.825763971,04/10/2026 19:16:59,0.1
SP,1,GUILHERME DERRITE,PP,10142591,30.898055306,n,Direita (outros),76.216523887,04/10/2026 19:15:04,10.6
SP,2,ANDRÉ DO PRADO,PL,9700787,29.552158145,n,PL,76.216523887,04/10/2026 19:15:04,10.6
SP,3,SIMONE TEBET,PSB,6217669,18.941302142,n,Esquerda,76.216523887,04/10/2026 19:15:04,10.6
TO,1,EDUARDO GOMES,PL,434950,27.319212388,n,PL,96.41879562,04/10/2026 19:16:24,2.7
TO,2,ALEXANDRE GUIMARÃES,MDB,304838,19.146876804,n,Centro,96.41879562,04/10/2026 19:16:24,2.7
TO,3,ELI BORGES,REPUBLICANOS,261797,16.443471308,n,Direita (outros),96.41879562,04/10/2026 19:16:24,2.7
